"date","count","reporting"
2020-01-22,0,"Alabama"
2020-01-23,0,"Alabama"
2020-01-24,0,"Alabama"
2020-01-25,0,"Alabama"
2020-01-26,0,"Alabama"
2020-01-27,0,"Alabama"
2020-01-28,0,"Alabama"
2020-01-29,0,"Alabama"
2020-01-30,0,"Alabama"
2020-01-31,0,"Alabama"
2020-02-01,0,"Alabama"
2020-02-02,0,"Alabama"
2020-02-03,0,"Alabama"
2020-02-04,0,"Alabama"
2020-02-05,0,"Alabama"
2020-02-06,0,"Alabama"
2020-02-07,0,"Alabama"
2020-02-08,0,"Alabama"
2020-02-09,0,"Alabama"
2020-02-10,0,"Alabama"
2020-02-11,0,"Alabama"
2020-02-12,0,"Alabama"
2020-02-13,0,"Alabama"
2020-02-14,0,"Alabama"
2020-02-15,0,"Alabama"
2020-02-16,0,"Alabama"
2020-02-17,0,"Alabama"
2020-02-18,0,"Alabama"
2020-02-19,0,"Alabama"
2020-02-20,0,"Alabama"
2020-02-21,0,"Alabama"
2020-02-22,0,"Alabama"
2020-02-23,0,"Alabama"
2020-02-24,0,"Alabama"
2020-02-25,0,"Alabama"
2020-02-26,0,"Alabama"
2020-02-27,0,"Alabama"
2020-02-28,0,"Alabama"
2020-02-29,0,"Alabama"
2020-03-01,0,"Alabama"
2020-03-02,0,"Alabama"
2020-03-03,0,"Alabama"
2020-03-04,0,"Alabama"
2020-03-05,0,"Alabama"
2020-03-06,0,"Alabama"
2020-03-07,0,"Alabama"
2020-03-08,0,"Alabama"
2020-03-09,0,"Alabama"
2020-03-10,0,"Alabama"
2020-03-11,0,"Alabama"
2020-03-12,0,"Alabama"
2020-03-13,0,"Alabama"
2020-03-14,0,"Alabama"
2020-03-15,0,"Alabama"
2020-03-16,0,"Alabama"
2020-03-17,0,"Alabama"
2020-03-18,0,"Alabama"
2020-03-19,0,"Alabama"
2020-03-20,0,"Alabama"
2020-01-22,0,"Alaska"
2020-01-23,0,"Alaska"
2020-01-24,0,"Alaska"
2020-01-25,0,"Alaska"
2020-01-26,0,"Alaska"
2020-01-27,0,"Alaska"
2020-01-28,0,"Alaska"
2020-01-29,0,"Alaska"
2020-01-30,0,"Alaska"
2020-01-31,0,"Alaska"
2020-02-01,0,"Alaska"
2020-02-02,0,"Alaska"
2020-02-03,0,"Alaska"
2020-02-04,0,"Alaska"
2020-02-05,0,"Alaska"
2020-02-06,0,"Alaska"
2020-02-07,0,"Alaska"
2020-02-08,0,"Alaska"
2020-02-09,0,"Alaska"
2020-02-10,0,"Alaska"
2020-02-11,0,"Alaska"
2020-02-12,0,"Alaska"
2020-02-13,0,"Alaska"
2020-02-14,0,"Alaska"
2020-02-15,0,"Alaska"
2020-02-16,0,"Alaska"
2020-02-17,0,"Alaska"
2020-02-18,0,"Alaska"
2020-02-19,0,"Alaska"
2020-02-20,0,"Alaska"
2020-02-21,0,"Alaska"
2020-02-22,0,"Alaska"
2020-02-23,0,"Alaska"
2020-02-24,0,"Alaska"
2020-02-25,0,"Alaska"
2020-02-26,0,"Alaska"
2020-02-27,0,"Alaska"
2020-02-28,0,"Alaska"
2020-02-29,0,"Alaska"
2020-03-01,0,"Alaska"
2020-03-02,0,"Alaska"
2020-03-03,0,"Alaska"
2020-03-04,0,"Alaska"
2020-03-05,0,"Alaska"
2020-03-06,0,"Alaska"
2020-03-07,0,"Alaska"
2020-03-08,0,"Alaska"
2020-03-09,0,"Alaska"
2020-03-10,0,"Alaska"
2020-03-11,0,"Alaska"
2020-03-12,0,"Alaska"
2020-03-13,0,"Alaska"
2020-03-14,0,"Alaska"
2020-03-15,0,"Alaska"
2020-03-16,0,"Alaska"
2020-03-17,0,"Alaska"
2020-03-18,0,"Alaska"
2020-03-19,0,"Alaska"
2020-03-20,0,"Alaska"
2020-01-22,0,"Arizona"
2020-01-23,0,"Arizona"
2020-01-24,0,"Arizona"
2020-01-25,0,"Arizona"
2020-01-26,0,"Arizona"
2020-01-27,0,"Arizona"
2020-01-28,0,"Arizona"
2020-01-29,0,"Arizona"
2020-01-30,0,"Arizona"
2020-01-31,0,"Arizona"
2020-02-01,0,"Arizona"
2020-02-02,0,"Arizona"
2020-02-03,0,"Arizona"
2020-02-04,0,"Arizona"
2020-02-05,0,"Arizona"
2020-02-06,0,"Arizona"
2020-02-07,0,"Arizona"
2020-02-08,0,"Arizona"
2020-02-09,0,"Arizona"
2020-02-10,0,"Arizona"
2020-02-11,0,"Arizona"
2020-02-12,0,"Arizona"
2020-02-13,0,"Arizona"
2020-02-14,0,"Arizona"
2020-02-15,0,"Arizona"
2020-02-16,0,"Arizona"
2020-02-17,0,"Arizona"
2020-02-18,0,"Arizona"
2020-02-19,0,"Arizona"
2020-02-20,0,"Arizona"
2020-02-21,0,"Arizona"
2020-02-22,0,"Arizona"
2020-02-23,0,"Arizona"
2020-02-24,0,"Arizona"
2020-02-25,0,"Arizona"
2020-02-26,0,"Arizona"
2020-02-27,0,"Arizona"
2020-02-28,0,"Arizona"
2020-02-29,0,"Arizona"
2020-03-01,0,"Arizona"
2020-03-02,0,"Arizona"
2020-03-03,0,"Arizona"
2020-03-04,0,"Arizona"
2020-03-05,0,"Arizona"
2020-03-06,0,"Arizona"
2020-03-07,0,"Arizona"
2020-03-08,0,"Arizona"
2020-03-09,0,"Arizona"
2020-03-10,0,"Arizona"
2020-03-11,0,"Arizona"
2020-03-12,0,"Arizona"
2020-03-13,0,"Arizona"
2020-03-14,0,"Arizona"
2020-03-15,0,"Arizona"
2020-03-16,0,"Arizona"
2020-03-17,0,"Arizona"
2020-03-18,0,"Arizona"
2020-03-19,0,"Arizona"
2020-03-20,0,"Arizona"
2020-01-22,0,"Arkansas"
2020-01-23,0,"Arkansas"
2020-01-24,0,"Arkansas"
2020-01-25,0,"Arkansas"
2020-01-26,0,"Arkansas"
2020-01-27,0,"Arkansas"
2020-01-28,0,"Arkansas"
2020-01-29,0,"Arkansas"
2020-01-30,0,"Arkansas"
2020-01-31,0,"Arkansas"
2020-02-01,0,"Arkansas"
2020-02-02,0,"Arkansas"
2020-02-03,0,"Arkansas"
2020-02-04,0,"Arkansas"
2020-02-05,0,"Arkansas"
2020-02-06,0,"Arkansas"
2020-02-07,0,"Arkansas"
2020-02-08,0,"Arkansas"
2020-02-09,0,"Arkansas"
2020-02-10,0,"Arkansas"
2020-02-11,0,"Arkansas"
2020-02-12,0,"Arkansas"
2020-02-13,0,"Arkansas"
2020-02-14,0,"Arkansas"
2020-02-15,0,"Arkansas"
2020-02-16,0,"Arkansas"
2020-02-17,0,"Arkansas"
2020-02-18,0,"Arkansas"
2020-02-19,0,"Arkansas"
2020-02-20,0,"Arkansas"
2020-02-21,0,"Arkansas"
2020-02-22,0,"Arkansas"
2020-02-23,0,"Arkansas"
2020-02-24,0,"Arkansas"
2020-02-25,0,"Arkansas"
2020-02-26,0,"Arkansas"
2020-02-27,0,"Arkansas"
2020-02-28,0,"Arkansas"
2020-02-29,0,"Arkansas"
2020-03-01,0,"Arkansas"
2020-03-02,0,"Arkansas"
2020-03-03,0,"Arkansas"
2020-03-04,0,"Arkansas"
2020-03-05,0,"Arkansas"
2020-03-06,0,"Arkansas"
2020-03-07,0,"Arkansas"
2020-03-08,0,"Arkansas"
2020-03-09,0,"Arkansas"
2020-03-10,0,"Arkansas"
2020-03-11,0,"Arkansas"
2020-03-12,0,"Arkansas"
2020-03-13,0,"Arkansas"
2020-03-14,0,"Arkansas"
2020-03-15,0,"Arkansas"
2020-03-16,0,"Arkansas"
2020-03-17,0,"Arkansas"
2020-03-18,0,"Arkansas"
2020-03-19,0,"Arkansas"
2020-03-20,0,"Arkansas"
2020-01-22,0,"California"
2020-01-23,0,"California"
2020-01-24,0,"California"
2020-01-25,0,"California"
2020-01-26,0,"California"
2020-01-27,0,"California"
2020-01-28,0,"California"
2020-01-29,0,"California"
2020-01-30,0,"California"
2020-01-31,0,"California"
2020-02-01,0,"California"
2020-02-02,0,"California"
2020-02-03,0,"California"
2020-02-04,0,"California"
2020-02-05,0,"California"
2020-02-06,0,"California"
2020-02-07,0,"California"
2020-02-08,0,"California"
2020-02-09,0,"California"
2020-02-10,0,"California"
2020-02-11,0,"California"
2020-02-12,0,"California"
2020-02-13,0,"California"
2020-02-14,0,"California"
2020-02-15,0,"California"
2020-02-16,0,"California"
2020-02-17,0,"California"
2020-02-18,0,"California"
2020-02-19,0,"California"
2020-02-20,0,"California"
2020-02-21,0,"California"
2020-02-22,0,"California"
2020-02-23,0,"California"
2020-02-24,0,"California"
2020-02-25,0,"California"
2020-02-26,0,"California"
2020-02-27,0,"California"
2020-02-28,0,"California"
2020-02-29,0,"California"
2020-03-01,0,"California"
2020-03-02,0,"California"
2020-03-03,0,"California"
2020-03-04,0,"California"
2020-03-05,0,"California"
2020-03-06,0,"California"
2020-03-07,0,"California"
2020-03-08,0,"California"
2020-03-09,0,"California"
2020-03-10,2,"California"
2020-03-11,3,"California"
2020-03-12,4,"California"
2020-03-13,4,"California"
2020-03-14,5,"California"
2020-03-15,6,"California"
2020-03-16,7,"California"
2020-03-17,12,"California"
2020-03-18,13,"California"
2020-03-19,18,"California"
2020-03-20,23,"California"
2020-01-22,0,"Colorado"
2020-01-23,0,"Colorado"
2020-01-24,0,"Colorado"
2020-01-25,0,"Colorado"
2020-01-26,0,"Colorado"
2020-01-27,0,"Colorado"
2020-01-28,0,"Colorado"
2020-01-29,0,"Colorado"
2020-01-30,0,"Colorado"
2020-01-31,0,"Colorado"
2020-02-01,0,"Colorado"
2020-02-02,0,"Colorado"
2020-02-03,0,"Colorado"
2020-02-04,0,"Colorado"
2020-02-05,0,"Colorado"
2020-02-06,0,"Colorado"
2020-02-07,0,"Colorado"
2020-02-08,0,"Colorado"
2020-02-09,0,"Colorado"
2020-02-10,0,"Colorado"
2020-02-11,0,"Colorado"
2020-02-12,0,"Colorado"
2020-02-13,0,"Colorado"
2020-02-14,0,"Colorado"
2020-02-15,0,"Colorado"
2020-02-16,0,"Colorado"
2020-02-17,0,"Colorado"
2020-02-18,0,"Colorado"
2020-02-19,0,"Colorado"
2020-02-20,0,"Colorado"
2020-02-21,0,"Colorado"
2020-02-22,0,"Colorado"
2020-02-23,0,"Colorado"
2020-02-24,0,"Colorado"
2020-02-25,0,"Colorado"
2020-02-26,0,"Colorado"
2020-02-27,0,"Colorado"
2020-02-28,0,"Colorado"
2020-02-29,0,"Colorado"
2020-03-01,0,"Colorado"
2020-03-02,0,"Colorado"
2020-03-03,0,"Colorado"
2020-03-04,0,"Colorado"
2020-03-05,0,"Colorado"
2020-03-06,0,"Colorado"
2020-03-07,0,"Colorado"
2020-03-08,0,"Colorado"
2020-03-09,0,"Colorado"
2020-03-10,0,"Colorado"
2020-03-11,0,"Colorado"
2020-03-12,0,"Colorado"
2020-03-13,0,"Colorado"
2020-03-14,1,"Colorado"
2020-03-15,1,"Colorado"
2020-03-16,1,"Colorado"
2020-03-17,2,"Colorado"
2020-03-18,2,"Colorado"
2020-03-19,4,"Colorado"
2020-03-20,4,"Colorado"
2020-01-22,0,"Connecticut"
2020-01-23,0,"Connecticut"
2020-01-24,0,"Connecticut"
2020-01-25,0,"Connecticut"
2020-01-26,0,"Connecticut"
2020-01-27,0,"Connecticut"
2020-01-28,0,"Connecticut"
2020-01-29,0,"Connecticut"
2020-01-30,0,"Connecticut"
2020-01-31,0,"Connecticut"
2020-02-01,0,"Connecticut"
2020-02-02,0,"Connecticut"
2020-02-03,0,"Connecticut"
2020-02-04,0,"Connecticut"
2020-02-05,0,"Connecticut"
2020-02-06,0,"Connecticut"
2020-02-07,0,"Connecticut"
2020-02-08,0,"Connecticut"
2020-02-09,0,"Connecticut"
2020-02-10,0,"Connecticut"
2020-02-11,0,"Connecticut"
2020-02-12,0,"Connecticut"
2020-02-13,0,"Connecticut"
2020-02-14,0,"Connecticut"
2020-02-15,0,"Connecticut"
2020-02-16,0,"Connecticut"
2020-02-17,0,"Connecticut"
2020-02-18,0,"Connecticut"
2020-02-19,0,"Connecticut"
2020-02-20,0,"Connecticut"
2020-02-21,0,"Connecticut"
2020-02-22,0,"Connecticut"
2020-02-23,0,"Connecticut"
2020-02-24,0,"Connecticut"
2020-02-25,0,"Connecticut"
2020-02-26,0,"Connecticut"
2020-02-27,0,"Connecticut"
2020-02-28,0,"Connecticut"
2020-02-29,0,"Connecticut"
2020-03-01,0,"Connecticut"
2020-03-02,0,"Connecticut"
2020-03-03,0,"Connecticut"
2020-03-04,0,"Connecticut"
2020-03-05,0,"Connecticut"
2020-03-06,0,"Connecticut"
2020-03-07,0,"Connecticut"
2020-03-08,0,"Connecticut"
2020-03-09,0,"Connecticut"
2020-03-10,0,"Connecticut"
2020-03-11,0,"Connecticut"
2020-03-12,0,"Connecticut"
2020-03-13,0,"Connecticut"
2020-03-14,0,"Connecticut"
2020-03-15,0,"Connecticut"
2020-03-16,0,"Connecticut"
2020-03-17,0,"Connecticut"
2020-03-18,0,"Connecticut"
2020-03-19,2,"Connecticut"
2020-03-20,3,"Connecticut"
2020-01-22,0,"Delaware"
2020-01-23,0,"Delaware"
2020-01-24,0,"Delaware"
2020-01-25,0,"Delaware"
2020-01-26,0,"Delaware"
2020-01-27,0,"Delaware"
2020-01-28,0,"Delaware"
2020-01-29,0,"Delaware"
2020-01-30,0,"Delaware"
2020-01-31,0,"Delaware"
2020-02-01,0,"Delaware"
2020-02-02,0,"Delaware"
2020-02-03,0,"Delaware"
2020-02-04,0,"Delaware"
2020-02-05,0,"Delaware"
2020-02-06,0,"Delaware"
2020-02-07,0,"Delaware"
2020-02-08,0,"Delaware"
2020-02-09,0,"Delaware"
2020-02-10,0,"Delaware"
2020-02-11,0,"Delaware"
2020-02-12,0,"Delaware"
2020-02-13,0,"Delaware"
2020-02-14,0,"Delaware"
2020-02-15,0,"Delaware"
2020-02-16,0,"Delaware"
2020-02-17,0,"Delaware"
2020-02-18,0,"Delaware"
2020-02-19,0,"Delaware"
2020-02-20,0,"Delaware"
2020-02-21,0,"Delaware"
2020-02-22,0,"Delaware"
2020-02-23,0,"Delaware"
2020-02-24,0,"Delaware"
2020-02-25,0,"Delaware"
2020-02-26,0,"Delaware"
2020-02-27,0,"Delaware"
2020-02-28,0,"Delaware"
2020-02-29,0,"Delaware"
2020-03-01,0,"Delaware"
2020-03-02,0,"Delaware"
2020-03-03,0,"Delaware"
2020-03-04,0,"Delaware"
2020-03-05,0,"Delaware"
2020-03-06,0,"Delaware"
2020-03-07,0,"Delaware"
2020-03-08,0,"Delaware"
2020-03-09,0,"Delaware"
2020-03-10,0,"Delaware"
2020-03-11,0,"Delaware"
2020-03-12,0,"Delaware"
2020-03-13,0,"Delaware"
2020-03-14,0,"Delaware"
2020-03-15,0,"Delaware"
2020-03-16,0,"Delaware"
2020-03-17,0,"Delaware"
2020-03-18,0,"Delaware"
2020-03-19,0,"Delaware"
2020-03-20,0,"Delaware"
2020-01-22,0,"Diamond Princess"
2020-01-23,0,"Diamond Princess"
2020-01-24,0,"Diamond Princess"
2020-01-25,0,"Diamond Princess"
2020-01-26,0,"Diamond Princess"
2020-01-27,0,"Diamond Princess"
2020-01-28,0,"Diamond Princess"
2020-01-29,0,"Diamond Princess"
2020-01-30,0,"Diamond Princess"
2020-01-31,0,"Diamond Princess"
2020-02-01,0,"Diamond Princess"
2020-02-02,0,"Diamond Princess"
2020-02-03,0,"Diamond Princess"
2020-02-04,0,"Diamond Princess"
2020-02-05,0,"Diamond Princess"
2020-02-06,0,"Diamond Princess"
2020-02-07,0,"Diamond Princess"
2020-02-08,0,"Diamond Princess"
2020-02-09,0,"Diamond Princess"
2020-02-10,0,"Diamond Princess"
2020-02-11,0,"Diamond Princess"
2020-02-12,0,"Diamond Princess"
2020-02-13,0,"Diamond Princess"
2020-02-14,0,"Diamond Princess"
2020-02-15,0,"Diamond Princess"
2020-02-16,0,"Diamond Princess"
2020-02-17,0,"Diamond Princess"
2020-02-18,0,"Diamond Princess"
2020-02-19,0,"Diamond Princess"
2020-02-20,0,"Diamond Princess"
2020-02-21,0,"Diamond Princess"
2020-02-22,0,"Diamond Princess"
2020-02-23,0,"Diamond Princess"
2020-02-24,0,"Diamond Princess"
2020-02-25,0,"Diamond Princess"
2020-02-26,0,"Diamond Princess"
2020-02-27,0,"Diamond Princess"
2020-02-28,0,"Diamond Princess"
2020-02-29,0,"Diamond Princess"
2020-03-01,0,"Diamond Princess"
2020-03-02,0,"Diamond Princess"
2020-03-03,0,"Diamond Princess"
2020-03-04,0,"Diamond Princess"
2020-03-05,0,"Diamond Princess"
2020-03-06,0,"Diamond Princess"
2020-03-07,0,"Diamond Princess"
2020-03-08,0,"Diamond Princess"
2020-03-09,0,"Diamond Princess"
2020-03-10,0,"Diamond Princess"
2020-03-11,0,"Diamond Princess"
2020-03-12,0,"Diamond Princess"
2020-03-13,0,"Diamond Princess"
2020-03-14,0,"Diamond Princess"
2020-03-15,0,"Diamond Princess"
2020-03-16,0,"Diamond Princess"
2020-03-17,0,"Diamond Princess"
2020-03-18,0,"Diamond Princess"
2020-03-19,0,"Diamond Princess"
2020-03-20,0,"Diamond Princess"
2020-01-22,0,"District of Columbia"
2020-01-23,0,"District of Columbia"
2020-01-24,0,"District of Columbia"
2020-01-25,0,"District of Columbia"
2020-01-26,0,"District of Columbia"
2020-01-27,0,"District of Columbia"
2020-01-28,0,"District of Columbia"
2020-01-29,0,"District of Columbia"
2020-01-30,0,"District of Columbia"
2020-01-31,0,"District of Columbia"
2020-02-01,0,"District of Columbia"
2020-02-02,0,"District of Columbia"
2020-02-03,0,"District of Columbia"
2020-02-04,0,"District of Columbia"
2020-02-05,0,"District of Columbia"
2020-02-06,0,"District of Columbia"
2020-02-07,0,"District of Columbia"
2020-02-08,0,"District of Columbia"
2020-02-09,0,"District of Columbia"
2020-02-10,0,"District of Columbia"
2020-02-11,0,"District of Columbia"
2020-02-12,0,"District of Columbia"
2020-02-13,0,"District of Columbia"
2020-02-14,0,"District of Columbia"
2020-02-15,0,"District of Columbia"
2020-02-16,0,"District of Columbia"
2020-02-17,0,"District of Columbia"
2020-02-18,0,"District of Columbia"
2020-02-19,0,"District of Columbia"
2020-02-20,0,"District of Columbia"
2020-02-21,0,"District of Columbia"
2020-02-22,0,"District of Columbia"
2020-02-23,0,"District of Columbia"
2020-02-24,0,"District of Columbia"
2020-02-25,0,"District of Columbia"
2020-02-26,0,"District of Columbia"
2020-02-27,0,"District of Columbia"
2020-02-28,0,"District of Columbia"
2020-02-29,0,"District of Columbia"
2020-03-01,0,"District of Columbia"
2020-03-02,0,"District of Columbia"
2020-03-03,0,"District of Columbia"
2020-03-04,0,"District of Columbia"
2020-03-05,0,"District of Columbia"
2020-03-06,0,"District of Columbia"
2020-03-07,0,"District of Columbia"
2020-03-08,0,"District of Columbia"
2020-03-09,0,"District of Columbia"
2020-03-10,0,"District of Columbia"
2020-03-11,0,"District of Columbia"
2020-03-12,0,"District of Columbia"
2020-03-13,0,"District of Columbia"
2020-03-14,0,"District of Columbia"
2020-03-15,0,"District of Columbia"
2020-03-16,0,"District of Columbia"
2020-03-17,0,"District of Columbia"
2020-03-18,0,"District of Columbia"
2020-03-19,0,"District of Columbia"
2020-03-20,1,"District of Columbia"
2020-01-22,0,"Florida"
2020-01-23,0,"Florida"
2020-01-24,0,"Florida"
2020-01-25,0,"Florida"
2020-01-26,0,"Florida"
2020-01-27,0,"Florida"
2020-01-28,0,"Florida"
2020-01-29,0,"Florida"
2020-01-30,0,"Florida"
2020-01-31,0,"Florida"
2020-02-01,0,"Florida"
2020-02-02,0,"Florida"
2020-02-03,0,"Florida"
2020-02-04,0,"Florida"
2020-02-05,0,"Florida"
2020-02-06,0,"Florida"
2020-02-07,0,"Florida"
2020-02-08,0,"Florida"
2020-02-09,0,"Florida"
2020-02-10,0,"Florida"
2020-02-11,0,"Florida"
2020-02-12,0,"Florida"
2020-02-13,0,"Florida"
2020-02-14,0,"Florida"
2020-02-15,0,"Florida"
2020-02-16,0,"Florida"
2020-02-17,0,"Florida"
2020-02-18,0,"Florida"
2020-02-19,0,"Florida"
2020-02-20,0,"Florida"
2020-02-21,0,"Florida"
2020-02-22,0,"Florida"
2020-02-23,0,"Florida"
2020-02-24,0,"Florida"
2020-02-25,0,"Florida"
2020-02-26,0,"Florida"
2020-02-27,0,"Florida"
2020-02-28,0,"Florida"
2020-02-29,0,"Florida"
2020-03-01,0,"Florida"
2020-03-02,0,"Florida"
2020-03-03,0,"Florida"
2020-03-04,0,"Florida"
2020-03-05,0,"Florida"
2020-03-06,0,"Florida"
2020-03-07,0,"Florida"
2020-03-08,0,"Florida"
2020-03-09,0,"Florida"
2020-03-10,2,"Florida"
2020-03-11,2,"Florida"
2020-03-12,2,"Florida"
2020-03-13,2,"Florida"
2020-03-14,3,"Florida"
2020-03-15,4,"Florida"
2020-03-16,5,"Florida"
2020-03-17,6,"Florida"
2020-03-18,7,"Florida"
2020-03-19,9,"Florida"
2020-03-20,10,"Florida"
2020-01-22,0,"Georgia"
2020-01-23,0,"Georgia"
2020-01-24,0,"Georgia"
2020-01-25,0,"Georgia"
2020-01-26,0,"Georgia"
2020-01-27,0,"Georgia"
2020-01-28,0,"Georgia"
2020-01-29,0,"Georgia"
2020-01-30,0,"Georgia"
2020-01-31,0,"Georgia"
2020-02-01,0,"Georgia"
2020-02-02,0,"Georgia"
2020-02-03,0,"Georgia"
2020-02-04,0,"Georgia"
2020-02-05,0,"Georgia"
2020-02-06,0,"Georgia"
2020-02-07,0,"Georgia"
2020-02-08,0,"Georgia"
2020-02-09,0,"Georgia"
2020-02-10,0,"Georgia"
2020-02-11,0,"Georgia"
2020-02-12,0,"Georgia"
2020-02-13,0,"Georgia"
2020-02-14,0,"Georgia"
2020-02-15,0,"Georgia"
2020-02-16,0,"Georgia"
2020-02-17,0,"Georgia"
2020-02-18,0,"Georgia"
2020-02-19,0,"Georgia"
2020-02-20,0,"Georgia"
2020-02-21,0,"Georgia"
2020-02-22,0,"Georgia"
2020-02-23,0,"Georgia"
2020-02-24,0,"Georgia"
2020-02-25,0,"Georgia"
2020-02-26,0,"Georgia"
2020-02-27,0,"Georgia"
2020-02-28,0,"Georgia"
2020-02-29,0,"Georgia"
2020-03-01,0,"Georgia"
2020-03-02,0,"Georgia"
2020-03-03,0,"Georgia"
2020-03-04,0,"Georgia"
2020-03-05,0,"Georgia"
2020-03-06,0,"Georgia"
2020-03-07,0,"Georgia"
2020-03-08,0,"Georgia"
2020-03-09,0,"Georgia"
2020-03-10,0,"Georgia"
2020-03-11,0,"Georgia"
2020-03-12,1,"Georgia"
2020-03-13,1,"Georgia"
2020-03-14,1,"Georgia"
2020-03-15,1,"Georgia"
2020-03-16,1,"Georgia"
2020-03-17,1,"Georgia"
2020-03-18,3,"Georgia"
2020-03-19,10,"Georgia"
2020-03-20,13,"Georgia"
2020-01-22,0,"Grand Princess"
2020-01-23,0,"Grand Princess"
2020-01-24,0,"Grand Princess"
2020-01-25,0,"Grand Princess"
2020-01-26,0,"Grand Princess"
2020-01-27,0,"Grand Princess"
2020-01-28,0,"Grand Princess"
2020-01-29,0,"Grand Princess"
2020-01-30,0,"Grand Princess"
2020-01-31,0,"Grand Princess"
2020-02-01,0,"Grand Princess"
2020-02-02,0,"Grand Princess"
2020-02-03,0,"Grand Princess"
2020-02-04,0,"Grand Princess"
2020-02-05,0,"Grand Princess"
2020-02-06,0,"Grand Princess"
2020-02-07,0,"Grand Princess"
2020-02-08,0,"Grand Princess"
2020-02-09,0,"Grand Princess"
2020-02-10,0,"Grand Princess"
2020-02-11,0,"Grand Princess"
2020-02-12,0,"Grand Princess"
2020-02-13,0,"Grand Princess"
2020-02-14,0,"Grand Princess"
2020-02-15,0,"Grand Princess"
2020-02-16,0,"Grand Princess"
2020-02-17,0,"Grand Princess"
2020-02-18,0,"Grand Princess"
2020-02-19,0,"Grand Princess"
2020-02-20,0,"Grand Princess"
2020-02-21,0,"Grand Princess"
2020-02-22,0,"Grand Princess"
2020-02-23,0,"Grand Princess"
2020-02-24,0,"Grand Princess"
2020-02-25,0,"Grand Princess"
2020-02-26,0,"Grand Princess"
2020-02-27,0,"Grand Princess"
2020-02-28,0,"Grand Princess"
2020-02-29,0,"Grand Princess"
2020-03-01,0,"Grand Princess"
2020-03-02,0,"Grand Princess"
2020-03-03,0,"Grand Princess"
2020-03-04,0,"Grand Princess"
2020-03-05,0,"Grand Princess"
2020-03-06,0,"Grand Princess"
2020-03-07,0,"Grand Princess"
2020-03-08,0,"Grand Princess"
2020-03-09,0,"Grand Princess"
2020-03-10,0,"Grand Princess"
2020-03-11,0,"Grand Princess"
2020-03-12,0,"Grand Princess"
2020-03-13,0,"Grand Princess"
2020-03-14,0,"Grand Princess"
2020-03-15,0,"Grand Princess"
2020-03-16,0,"Grand Princess"
2020-03-17,0,"Grand Princess"
2020-03-18,0,"Grand Princess"
2020-03-19,0,"Grand Princess"
2020-03-20,0,"Grand Princess"
2020-01-22,0,"Guam"
2020-01-23,0,"Guam"
2020-01-24,0,"Guam"
2020-01-25,0,"Guam"
2020-01-26,0,"Guam"
2020-01-27,0,"Guam"
2020-01-28,0,"Guam"
2020-01-29,0,"Guam"
2020-01-30,0,"Guam"
2020-01-31,0,"Guam"
2020-02-01,0,"Guam"
2020-02-02,0,"Guam"
2020-02-03,0,"Guam"
2020-02-04,0,"Guam"
2020-02-05,0,"Guam"
2020-02-06,0,"Guam"
2020-02-07,0,"Guam"
2020-02-08,0,"Guam"
2020-02-09,0,"Guam"
2020-02-10,0,"Guam"
2020-02-11,0,"Guam"
2020-02-12,0,"Guam"
2020-02-13,0,"Guam"
2020-02-14,0,"Guam"
2020-02-15,0,"Guam"
2020-02-16,0,"Guam"
2020-02-17,0,"Guam"
2020-02-18,0,"Guam"
2020-02-19,0,"Guam"
2020-02-20,0,"Guam"
2020-02-21,0,"Guam"
2020-02-22,0,"Guam"
2020-02-23,0,"Guam"
2020-02-24,0,"Guam"
2020-02-25,0,"Guam"
2020-02-26,0,"Guam"
2020-02-27,0,"Guam"
2020-02-28,0,"Guam"
2020-02-29,0,"Guam"
2020-03-01,0,"Guam"
2020-03-02,0,"Guam"
2020-03-03,0,"Guam"
2020-03-04,0,"Guam"
2020-03-05,0,"Guam"
2020-03-06,0,"Guam"
2020-03-07,0,"Guam"
2020-03-08,0,"Guam"
2020-03-09,0,"Guam"
2020-03-10,0,"Guam"
2020-03-11,0,"Guam"
2020-03-12,0,"Guam"
2020-03-13,0,"Guam"
2020-03-14,0,"Guam"
2020-03-15,0,"Guam"
2020-03-16,0,"Guam"
2020-03-17,0,"Guam"
2020-03-18,0,"Guam"
2020-03-19,0,"Guam"
2020-03-20,0,"Guam"
2020-01-22,0,"Hawaii"
2020-01-23,0,"Hawaii"
2020-01-24,0,"Hawaii"
2020-01-25,0,"Hawaii"
2020-01-26,0,"Hawaii"
2020-01-27,0,"Hawaii"
2020-01-28,0,"Hawaii"
2020-01-29,0,"Hawaii"
2020-01-30,0,"Hawaii"
2020-01-31,0,"Hawaii"
2020-02-01,0,"Hawaii"
2020-02-02,0,"Hawaii"
2020-02-03,0,"Hawaii"
2020-02-04,0,"Hawaii"
2020-02-05,0,"Hawaii"
2020-02-06,0,"Hawaii"
2020-02-07,0,"Hawaii"
2020-02-08,0,"Hawaii"
2020-02-09,0,"Hawaii"
2020-02-10,0,"Hawaii"
2020-02-11,0,"Hawaii"
2020-02-12,0,"Hawaii"
2020-02-13,0,"Hawaii"
2020-02-14,0,"Hawaii"
2020-02-15,0,"Hawaii"
2020-02-16,0,"Hawaii"
2020-02-17,0,"Hawaii"
2020-02-18,0,"Hawaii"
2020-02-19,0,"Hawaii"
2020-02-20,0,"Hawaii"
2020-02-21,0,"Hawaii"
2020-02-22,0,"Hawaii"
2020-02-23,0,"Hawaii"
2020-02-24,0,"Hawaii"
2020-02-25,0,"Hawaii"
2020-02-26,0,"Hawaii"
2020-02-27,0,"Hawaii"
2020-02-28,0,"Hawaii"
2020-02-29,0,"Hawaii"
2020-03-01,0,"Hawaii"
2020-03-02,0,"Hawaii"
2020-03-03,0,"Hawaii"
2020-03-04,0,"Hawaii"
2020-03-05,0,"Hawaii"
2020-03-06,0,"Hawaii"
2020-03-07,0,"Hawaii"
2020-03-08,0,"Hawaii"
2020-03-09,0,"Hawaii"
2020-03-10,0,"Hawaii"
2020-03-11,0,"Hawaii"
2020-03-12,0,"Hawaii"
2020-03-13,0,"Hawaii"
2020-03-14,0,"Hawaii"
2020-03-15,0,"Hawaii"
2020-03-16,0,"Hawaii"
2020-03-17,0,"Hawaii"
2020-03-18,0,"Hawaii"
2020-03-19,0,"Hawaii"
2020-03-20,0,"Hawaii"
2020-01-22,0,"Idaho"
2020-01-23,0,"Idaho"
2020-01-24,0,"Idaho"
2020-01-25,0,"Idaho"
2020-01-26,0,"Idaho"
2020-01-27,0,"Idaho"
2020-01-28,0,"Idaho"
2020-01-29,0,"Idaho"
2020-01-30,0,"Idaho"
2020-01-31,0,"Idaho"
2020-02-01,0,"Idaho"
2020-02-02,0,"Idaho"
2020-02-03,0,"Idaho"
2020-02-04,0,"Idaho"
2020-02-05,0,"Idaho"
2020-02-06,0,"Idaho"
2020-02-07,0,"Idaho"
2020-02-08,0,"Idaho"
2020-02-09,0,"Idaho"
2020-02-10,0,"Idaho"
2020-02-11,0,"Idaho"
2020-02-12,0,"Idaho"
2020-02-13,0,"Idaho"
2020-02-14,0,"Idaho"
2020-02-15,0,"Idaho"
2020-02-16,0,"Idaho"
2020-02-17,0,"Idaho"
2020-02-18,0,"Idaho"
2020-02-19,0,"Idaho"
2020-02-20,0,"Idaho"
2020-02-21,0,"Idaho"
2020-02-22,0,"Idaho"
2020-02-23,0,"Idaho"
2020-02-24,0,"Idaho"
2020-02-25,0,"Idaho"
2020-02-26,0,"Idaho"
2020-02-27,0,"Idaho"
2020-02-28,0,"Idaho"
2020-02-29,0,"Idaho"
2020-03-01,0,"Idaho"
2020-03-02,0,"Idaho"
2020-03-03,0,"Idaho"
2020-03-04,0,"Idaho"
2020-03-05,0,"Idaho"
2020-03-06,0,"Idaho"
2020-03-07,0,"Idaho"
2020-03-08,0,"Idaho"
2020-03-09,0,"Idaho"
2020-03-10,0,"Idaho"
2020-03-11,0,"Idaho"
2020-03-12,0,"Idaho"
2020-03-13,0,"Idaho"
2020-03-14,0,"Idaho"
2020-03-15,0,"Idaho"
2020-03-16,0,"Idaho"
2020-03-17,0,"Idaho"
2020-03-18,0,"Idaho"
2020-03-19,0,"Idaho"
2020-03-20,0,"Idaho"
2020-01-22,0,"Illinois"
2020-01-23,0,"Illinois"
2020-01-24,0,"Illinois"
2020-01-25,0,"Illinois"
2020-01-26,0,"Illinois"
2020-01-27,0,"Illinois"
2020-01-28,0,"Illinois"
2020-01-29,0,"Illinois"
2020-01-30,0,"Illinois"
2020-01-31,0,"Illinois"
2020-02-01,0,"Illinois"
2020-02-02,0,"Illinois"
2020-02-03,0,"Illinois"
2020-02-04,0,"Illinois"
2020-02-05,0,"Illinois"
2020-02-06,0,"Illinois"
2020-02-07,0,"Illinois"
2020-02-08,0,"Illinois"
2020-02-09,0,"Illinois"
2020-02-10,0,"Illinois"
2020-02-11,0,"Illinois"
2020-02-12,0,"Illinois"
2020-02-13,0,"Illinois"
2020-02-14,0,"Illinois"
2020-02-15,0,"Illinois"
2020-02-16,0,"Illinois"
2020-02-17,0,"Illinois"
2020-02-18,0,"Illinois"
2020-02-19,0,"Illinois"
2020-02-20,0,"Illinois"
2020-02-21,0,"Illinois"
2020-02-22,0,"Illinois"
2020-02-23,0,"Illinois"
2020-02-24,0,"Illinois"
2020-02-25,0,"Illinois"
2020-02-26,0,"Illinois"
2020-02-27,0,"Illinois"
2020-02-28,0,"Illinois"
2020-02-29,0,"Illinois"
2020-03-01,0,"Illinois"
2020-03-02,0,"Illinois"
2020-03-03,0,"Illinois"
2020-03-04,0,"Illinois"
2020-03-05,0,"Illinois"
2020-03-06,0,"Illinois"
2020-03-07,0,"Illinois"
2020-03-08,0,"Illinois"
2020-03-09,0,"Illinois"
2020-03-10,0,"Illinois"
2020-03-11,0,"Illinois"
2020-03-12,0,"Illinois"
2020-03-13,0,"Illinois"
2020-03-14,0,"Illinois"
2020-03-15,0,"Illinois"
2020-03-16,0,"Illinois"
2020-03-17,1,"Illinois"
2020-03-18,1,"Illinois"
2020-03-19,4,"Illinois"
2020-03-20,5,"Illinois"
2020-01-22,0,"Indiana"
2020-01-23,0,"Indiana"
2020-01-24,0,"Indiana"
2020-01-25,0,"Indiana"
2020-01-26,0,"Indiana"
2020-01-27,0,"Indiana"
2020-01-28,0,"Indiana"
2020-01-29,0,"Indiana"
2020-01-30,0,"Indiana"
2020-01-31,0,"Indiana"
2020-02-01,0,"Indiana"
2020-02-02,0,"Indiana"
2020-02-03,0,"Indiana"
2020-02-04,0,"Indiana"
2020-02-05,0,"Indiana"
2020-02-06,0,"Indiana"
2020-02-07,0,"Indiana"
2020-02-08,0,"Indiana"
2020-02-09,0,"Indiana"
2020-02-10,0,"Indiana"
2020-02-11,0,"Indiana"
2020-02-12,0,"Indiana"
2020-02-13,0,"Indiana"
2020-02-14,0,"Indiana"
2020-02-15,0,"Indiana"
2020-02-16,0,"Indiana"
2020-02-17,0,"Indiana"
2020-02-18,0,"Indiana"
2020-02-19,0,"Indiana"
2020-02-20,0,"Indiana"
2020-02-21,0,"Indiana"
2020-02-22,0,"Indiana"
2020-02-23,0,"Indiana"
2020-02-24,0,"Indiana"
2020-02-25,0,"Indiana"
2020-02-26,0,"Indiana"
2020-02-27,0,"Indiana"
2020-02-28,0,"Indiana"
2020-02-29,0,"Indiana"
2020-03-01,0,"Indiana"
2020-03-02,0,"Indiana"
2020-03-03,0,"Indiana"
2020-03-04,0,"Indiana"
2020-03-05,0,"Indiana"
2020-03-06,0,"Indiana"
2020-03-07,0,"Indiana"
2020-03-08,0,"Indiana"
2020-03-09,0,"Indiana"
2020-03-10,0,"Indiana"
2020-03-11,0,"Indiana"
2020-03-12,0,"Indiana"
2020-03-13,0,"Indiana"
2020-03-14,0,"Indiana"
2020-03-15,0,"Indiana"
2020-03-16,1,"Indiana"
2020-03-17,2,"Indiana"
2020-03-18,2,"Indiana"
2020-03-19,2,"Indiana"
2020-03-20,2,"Indiana"
2020-01-22,0,"Iowa"
2020-01-23,0,"Iowa"
2020-01-24,0,"Iowa"
2020-01-25,0,"Iowa"
2020-01-26,0,"Iowa"
2020-01-27,0,"Iowa"
2020-01-28,0,"Iowa"
2020-01-29,0,"Iowa"
2020-01-30,0,"Iowa"
2020-01-31,0,"Iowa"
2020-02-01,0,"Iowa"
2020-02-02,0,"Iowa"
2020-02-03,0,"Iowa"
2020-02-04,0,"Iowa"
2020-02-05,0,"Iowa"
2020-02-06,0,"Iowa"
2020-02-07,0,"Iowa"
2020-02-08,0,"Iowa"
2020-02-09,0,"Iowa"
2020-02-10,0,"Iowa"
2020-02-11,0,"Iowa"
2020-02-12,0,"Iowa"
2020-02-13,0,"Iowa"
2020-02-14,0,"Iowa"
2020-02-15,0,"Iowa"
2020-02-16,0,"Iowa"
2020-02-17,0,"Iowa"
2020-02-18,0,"Iowa"
2020-02-19,0,"Iowa"
2020-02-20,0,"Iowa"
2020-02-21,0,"Iowa"
2020-02-22,0,"Iowa"
2020-02-23,0,"Iowa"
2020-02-24,0,"Iowa"
2020-02-25,0,"Iowa"
2020-02-26,0,"Iowa"
2020-02-27,0,"Iowa"
2020-02-28,0,"Iowa"
2020-02-29,0,"Iowa"
2020-03-01,0,"Iowa"
2020-03-02,0,"Iowa"
2020-03-03,0,"Iowa"
2020-03-04,0,"Iowa"
2020-03-05,0,"Iowa"
2020-03-06,0,"Iowa"
2020-03-07,0,"Iowa"
2020-03-08,0,"Iowa"
2020-03-09,0,"Iowa"
2020-03-10,0,"Iowa"
2020-03-11,0,"Iowa"
2020-03-12,0,"Iowa"
2020-03-13,0,"Iowa"
2020-03-14,0,"Iowa"
2020-03-15,0,"Iowa"
2020-03-16,0,"Iowa"
2020-03-17,0,"Iowa"
2020-03-18,0,"Iowa"
2020-03-19,0,"Iowa"
2020-03-20,0,"Iowa"
2020-01-22,0,"Kansas"
2020-01-23,0,"Kansas"
2020-01-24,0,"Kansas"
2020-01-25,0,"Kansas"
2020-01-26,0,"Kansas"
2020-01-27,0,"Kansas"
2020-01-28,0,"Kansas"
2020-01-29,0,"Kansas"
2020-01-30,0,"Kansas"
2020-01-31,0,"Kansas"
2020-02-01,0,"Kansas"
2020-02-02,0,"Kansas"
2020-02-03,0,"Kansas"
2020-02-04,0,"Kansas"
2020-02-05,0,"Kansas"
2020-02-06,0,"Kansas"
2020-02-07,0,"Kansas"
2020-02-08,0,"Kansas"
2020-02-09,0,"Kansas"
2020-02-10,0,"Kansas"
2020-02-11,0,"Kansas"
2020-02-12,0,"Kansas"
2020-02-13,0,"Kansas"
2020-02-14,0,"Kansas"
2020-02-15,0,"Kansas"
2020-02-16,0,"Kansas"
2020-02-17,0,"Kansas"
2020-02-18,0,"Kansas"
2020-02-19,0,"Kansas"
2020-02-20,0,"Kansas"
2020-02-21,0,"Kansas"
2020-02-22,0,"Kansas"
2020-02-23,0,"Kansas"
2020-02-24,0,"Kansas"
2020-02-25,0,"Kansas"
2020-02-26,0,"Kansas"
2020-02-27,0,"Kansas"
2020-02-28,0,"Kansas"
2020-02-29,0,"Kansas"
2020-03-01,0,"Kansas"
2020-03-02,0,"Kansas"
2020-03-03,0,"Kansas"
2020-03-04,0,"Kansas"
2020-03-05,0,"Kansas"
2020-03-06,0,"Kansas"
2020-03-07,0,"Kansas"
2020-03-08,0,"Kansas"
2020-03-09,0,"Kansas"
2020-03-10,0,"Kansas"
2020-03-11,0,"Kansas"
2020-03-12,0,"Kansas"
2020-03-13,1,"Kansas"
2020-03-14,1,"Kansas"
2020-03-15,1,"Kansas"
2020-03-16,1,"Kansas"
2020-03-17,1,"Kansas"
2020-03-18,1,"Kansas"
2020-03-19,1,"Kansas"
2020-03-20,1,"Kansas"
2020-01-22,0,"Kentucky"
2020-01-23,0,"Kentucky"
2020-01-24,0,"Kentucky"
2020-01-25,0,"Kentucky"
2020-01-26,0,"Kentucky"
2020-01-27,0,"Kentucky"
2020-01-28,0,"Kentucky"
2020-01-29,0,"Kentucky"
2020-01-30,0,"Kentucky"
2020-01-31,0,"Kentucky"
2020-02-01,0,"Kentucky"
2020-02-02,0,"Kentucky"
2020-02-03,0,"Kentucky"
2020-02-04,0,"Kentucky"
2020-02-05,0,"Kentucky"
2020-02-06,0,"Kentucky"
2020-02-07,0,"Kentucky"
2020-02-08,0,"Kentucky"
2020-02-09,0,"Kentucky"
2020-02-10,0,"Kentucky"
2020-02-11,0,"Kentucky"
2020-02-12,0,"Kentucky"
2020-02-13,0,"Kentucky"
2020-02-14,0,"Kentucky"
2020-02-15,0,"Kentucky"
2020-02-16,0,"Kentucky"
2020-02-17,0,"Kentucky"
2020-02-18,0,"Kentucky"
2020-02-19,0,"Kentucky"
2020-02-20,0,"Kentucky"
2020-02-21,0,"Kentucky"
2020-02-22,0,"Kentucky"
2020-02-23,0,"Kentucky"
2020-02-24,0,"Kentucky"
2020-02-25,0,"Kentucky"
2020-02-26,0,"Kentucky"
2020-02-27,0,"Kentucky"
2020-02-28,0,"Kentucky"
2020-02-29,0,"Kentucky"
2020-03-01,0,"Kentucky"
2020-03-02,0,"Kentucky"
2020-03-03,0,"Kentucky"
2020-03-04,0,"Kentucky"
2020-03-05,0,"Kentucky"
2020-03-06,0,"Kentucky"
2020-03-07,0,"Kentucky"
2020-03-08,0,"Kentucky"
2020-03-09,0,"Kentucky"
2020-03-10,0,"Kentucky"
2020-03-11,0,"Kentucky"
2020-03-12,0,"Kentucky"
2020-03-13,0,"Kentucky"
2020-03-14,0,"Kentucky"
2020-03-15,0,"Kentucky"
2020-03-16,1,"Kentucky"
2020-03-17,1,"Kentucky"
2020-03-18,1,"Kentucky"
2020-03-19,2,"Kentucky"
2020-03-20,2,"Kentucky"
2020-01-22,0,"Louisiana"
2020-01-23,0,"Louisiana"
2020-01-24,0,"Louisiana"
2020-01-25,0,"Louisiana"
2020-01-26,0,"Louisiana"
2020-01-27,0,"Louisiana"
2020-01-28,0,"Louisiana"
2020-01-29,0,"Louisiana"
2020-01-30,0,"Louisiana"
2020-01-31,0,"Louisiana"
2020-02-01,0,"Louisiana"
2020-02-02,0,"Louisiana"
2020-02-03,0,"Louisiana"
2020-02-04,0,"Louisiana"
2020-02-05,0,"Louisiana"
2020-02-06,0,"Louisiana"
2020-02-07,0,"Louisiana"
2020-02-08,0,"Louisiana"
2020-02-09,0,"Louisiana"
2020-02-10,0,"Louisiana"
2020-02-11,0,"Louisiana"
2020-02-12,0,"Louisiana"
2020-02-13,0,"Louisiana"
2020-02-14,0,"Louisiana"
2020-02-15,0,"Louisiana"
2020-02-16,0,"Louisiana"
2020-02-17,0,"Louisiana"
2020-02-18,0,"Louisiana"
2020-02-19,0,"Louisiana"
2020-02-20,0,"Louisiana"
2020-02-21,0,"Louisiana"
2020-02-22,0,"Louisiana"
2020-02-23,0,"Louisiana"
2020-02-24,0,"Louisiana"
2020-02-25,0,"Louisiana"
2020-02-26,0,"Louisiana"
2020-02-27,0,"Louisiana"
2020-02-28,0,"Louisiana"
2020-02-29,0,"Louisiana"
2020-03-01,0,"Louisiana"
2020-03-02,0,"Louisiana"
2020-03-03,0,"Louisiana"
2020-03-04,0,"Louisiana"
2020-03-05,0,"Louisiana"
2020-03-06,0,"Louisiana"
2020-03-07,0,"Louisiana"
2020-03-08,0,"Louisiana"
2020-03-09,0,"Louisiana"
2020-03-10,0,"Louisiana"
2020-03-11,0,"Louisiana"
2020-03-12,0,"Louisiana"
2020-03-13,0,"Louisiana"
2020-03-14,1,"Louisiana"
2020-03-15,2,"Louisiana"
2020-03-16,3,"Louisiana"
2020-03-17,4,"Louisiana"
2020-03-18,4,"Louisiana"
2020-03-19,10,"Louisiana"
2020-03-20,14,"Louisiana"
2020-01-22,0,"Maine"
2020-01-23,0,"Maine"
2020-01-24,0,"Maine"
2020-01-25,0,"Maine"
2020-01-26,0,"Maine"
2020-01-27,0,"Maine"
2020-01-28,0,"Maine"
2020-01-29,0,"Maine"
2020-01-30,0,"Maine"
2020-01-31,0,"Maine"
2020-02-01,0,"Maine"
2020-02-02,0,"Maine"
2020-02-03,0,"Maine"
2020-02-04,0,"Maine"
2020-02-05,0,"Maine"
2020-02-06,0,"Maine"
2020-02-07,0,"Maine"
2020-02-08,0,"Maine"
2020-02-09,0,"Maine"
2020-02-10,0,"Maine"
2020-02-11,0,"Maine"
2020-02-12,0,"Maine"
2020-02-13,0,"Maine"
2020-02-14,0,"Maine"
2020-02-15,0,"Maine"
2020-02-16,0,"Maine"
2020-02-17,0,"Maine"
2020-02-18,0,"Maine"
2020-02-19,0,"Maine"
2020-02-20,0,"Maine"
2020-02-21,0,"Maine"
2020-02-22,0,"Maine"
2020-02-23,0,"Maine"
2020-02-24,0,"Maine"
2020-02-25,0,"Maine"
2020-02-26,0,"Maine"
2020-02-27,0,"Maine"
2020-02-28,0,"Maine"
2020-02-29,0,"Maine"
2020-03-01,0,"Maine"
2020-03-02,0,"Maine"
2020-03-03,0,"Maine"
2020-03-04,0,"Maine"
2020-03-05,0,"Maine"
2020-03-06,0,"Maine"
2020-03-07,0,"Maine"
2020-03-08,0,"Maine"
2020-03-09,0,"Maine"
2020-03-10,0,"Maine"
2020-03-11,0,"Maine"
2020-03-12,0,"Maine"
2020-03-13,0,"Maine"
2020-03-14,0,"Maine"
2020-03-15,0,"Maine"
2020-03-16,0,"Maine"
2020-03-17,0,"Maine"
2020-03-18,0,"Maine"
2020-03-19,0,"Maine"
2020-03-20,0,"Maine"
2020-01-22,0,"Maryland"
2020-01-23,0,"Maryland"
2020-01-24,0,"Maryland"
2020-01-25,0,"Maryland"
2020-01-26,0,"Maryland"
2020-01-27,0,"Maryland"
2020-01-28,0,"Maryland"
2020-01-29,0,"Maryland"
2020-01-30,0,"Maryland"
2020-01-31,0,"Maryland"
2020-02-01,0,"Maryland"
2020-02-02,0,"Maryland"
2020-02-03,0,"Maryland"
2020-02-04,0,"Maryland"
2020-02-05,0,"Maryland"
2020-02-06,0,"Maryland"
2020-02-07,0,"Maryland"
2020-02-08,0,"Maryland"
2020-02-09,0,"Maryland"
2020-02-10,0,"Maryland"
2020-02-11,0,"Maryland"
2020-02-12,0,"Maryland"
2020-02-13,0,"Maryland"
2020-02-14,0,"Maryland"
2020-02-15,0,"Maryland"
2020-02-16,0,"Maryland"
2020-02-17,0,"Maryland"
2020-02-18,0,"Maryland"
2020-02-19,0,"Maryland"
2020-02-20,0,"Maryland"
2020-02-21,0,"Maryland"
2020-02-22,0,"Maryland"
2020-02-23,0,"Maryland"
2020-02-24,0,"Maryland"
2020-02-25,0,"Maryland"
2020-02-26,0,"Maryland"
2020-02-27,0,"Maryland"
2020-02-28,0,"Maryland"
2020-02-29,0,"Maryland"
2020-03-01,0,"Maryland"
2020-03-02,0,"Maryland"
2020-03-03,0,"Maryland"
2020-03-04,0,"Maryland"
2020-03-05,0,"Maryland"
2020-03-06,0,"Maryland"
2020-03-07,0,"Maryland"
2020-03-08,0,"Maryland"
2020-03-09,0,"Maryland"
2020-03-10,0,"Maryland"
2020-03-11,0,"Maryland"
2020-03-12,0,"Maryland"
2020-03-13,0,"Maryland"
2020-03-14,0,"Maryland"
2020-03-15,0,"Maryland"
2020-03-16,0,"Maryland"
2020-03-17,0,"Maryland"
2020-03-18,0,"Maryland"
2020-03-19,1,"Maryland"
2020-03-20,1,"Maryland"
2020-01-22,0,"Massachusetts"
2020-01-23,0,"Massachusetts"
2020-01-24,0,"Massachusetts"
2020-01-25,0,"Massachusetts"
2020-01-26,0,"Massachusetts"
2020-01-27,0,"Massachusetts"
2020-01-28,0,"Massachusetts"
2020-01-29,0,"Massachusetts"
2020-01-30,0,"Massachusetts"
2020-01-31,0,"Massachusetts"
2020-02-01,0,"Massachusetts"
2020-02-02,0,"Massachusetts"
2020-02-03,0,"Massachusetts"
2020-02-04,0,"Massachusetts"
2020-02-05,0,"Massachusetts"
2020-02-06,0,"Massachusetts"
2020-02-07,0,"Massachusetts"
2020-02-08,0,"Massachusetts"
2020-02-09,0,"Massachusetts"
2020-02-10,0,"Massachusetts"
2020-02-11,0,"Massachusetts"
2020-02-12,0,"Massachusetts"
2020-02-13,0,"Massachusetts"
2020-02-14,0,"Massachusetts"
2020-02-15,0,"Massachusetts"
2020-02-16,0,"Massachusetts"
2020-02-17,0,"Massachusetts"
2020-02-18,0,"Massachusetts"
2020-02-19,0,"Massachusetts"
2020-02-20,0,"Massachusetts"
2020-02-21,0,"Massachusetts"
2020-02-22,0,"Massachusetts"
2020-02-23,0,"Massachusetts"
2020-02-24,0,"Massachusetts"
2020-02-25,0,"Massachusetts"
2020-02-26,0,"Massachusetts"
2020-02-27,0,"Massachusetts"
2020-02-28,0,"Massachusetts"
2020-02-29,0,"Massachusetts"
2020-03-01,0,"Massachusetts"
2020-03-02,0,"Massachusetts"
2020-03-03,0,"Massachusetts"
2020-03-04,0,"Massachusetts"
2020-03-05,0,"Massachusetts"
2020-03-06,0,"Massachusetts"
2020-03-07,0,"Massachusetts"
2020-03-08,0,"Massachusetts"
2020-03-09,0,"Massachusetts"
2020-03-10,0,"Massachusetts"
2020-03-11,0,"Massachusetts"
2020-03-12,0,"Massachusetts"
2020-03-13,0,"Massachusetts"
2020-03-14,0,"Massachusetts"
2020-03-15,0,"Massachusetts"
2020-03-16,0,"Massachusetts"
2020-03-17,0,"Massachusetts"
2020-03-18,0,"Massachusetts"
2020-03-19,0,"Massachusetts"
2020-03-20,1,"Massachusetts"
2020-01-22,0,"Michigan"
2020-01-23,0,"Michigan"
2020-01-24,0,"Michigan"
2020-01-25,0,"Michigan"
2020-01-26,0,"Michigan"
2020-01-27,0,"Michigan"
2020-01-28,0,"Michigan"
2020-01-29,0,"Michigan"
2020-01-30,0,"Michigan"
2020-01-31,0,"Michigan"
2020-02-01,0,"Michigan"
2020-02-02,0,"Michigan"
2020-02-03,0,"Michigan"
2020-02-04,0,"Michigan"
2020-02-05,0,"Michigan"
2020-02-06,0,"Michigan"
2020-02-07,0,"Michigan"
2020-02-08,0,"Michigan"
2020-02-09,0,"Michigan"
2020-02-10,0,"Michigan"
2020-02-11,0,"Michigan"
2020-02-12,0,"Michigan"
2020-02-13,0,"Michigan"
2020-02-14,0,"Michigan"
2020-02-15,0,"Michigan"
2020-02-16,0,"Michigan"
2020-02-17,0,"Michigan"
2020-02-18,0,"Michigan"
2020-02-19,0,"Michigan"
2020-02-20,0,"Michigan"
2020-02-21,0,"Michigan"
2020-02-22,0,"Michigan"
2020-02-23,0,"Michigan"
2020-02-24,0,"Michigan"
2020-02-25,0,"Michigan"
2020-02-26,0,"Michigan"
2020-02-27,0,"Michigan"
2020-02-28,0,"Michigan"
2020-02-29,0,"Michigan"
2020-03-01,0,"Michigan"
2020-03-02,0,"Michigan"
2020-03-03,0,"Michigan"
2020-03-04,0,"Michigan"
2020-03-05,0,"Michigan"
2020-03-06,0,"Michigan"
2020-03-07,0,"Michigan"
2020-03-08,0,"Michigan"
2020-03-09,0,"Michigan"
2020-03-10,0,"Michigan"
2020-03-11,0,"Michigan"
2020-03-12,0,"Michigan"
2020-03-13,0,"Michigan"
2020-03-14,0,"Michigan"
2020-03-15,0,"Michigan"
2020-03-16,0,"Michigan"
2020-03-17,0,"Michigan"
2020-03-18,0,"Michigan"
2020-03-19,3,"Michigan"
2020-03-20,3,"Michigan"
2020-01-22,0,"Minnesota"
2020-01-23,0,"Minnesota"
2020-01-24,0,"Minnesota"
2020-01-25,0,"Minnesota"
2020-01-26,0,"Minnesota"
2020-01-27,0,"Minnesota"
2020-01-28,0,"Minnesota"
2020-01-29,0,"Minnesota"
2020-01-30,0,"Minnesota"
2020-01-31,0,"Minnesota"
2020-02-01,0,"Minnesota"
2020-02-02,0,"Minnesota"
2020-02-03,0,"Minnesota"
2020-02-04,0,"Minnesota"
2020-02-05,0,"Minnesota"
2020-02-06,0,"Minnesota"
2020-02-07,0,"Minnesota"
2020-02-08,0,"Minnesota"
2020-02-09,0,"Minnesota"
2020-02-10,0,"Minnesota"
2020-02-11,0,"Minnesota"
2020-02-12,0,"Minnesota"
2020-02-13,0,"Minnesota"
2020-02-14,0,"Minnesota"
2020-02-15,0,"Minnesota"
2020-02-16,0,"Minnesota"
2020-02-17,0,"Minnesota"
2020-02-18,0,"Minnesota"
2020-02-19,0,"Minnesota"
2020-02-20,0,"Minnesota"
2020-02-21,0,"Minnesota"
2020-02-22,0,"Minnesota"
2020-02-23,0,"Minnesota"
2020-02-24,0,"Minnesota"
2020-02-25,0,"Minnesota"
2020-02-26,0,"Minnesota"
2020-02-27,0,"Minnesota"
2020-02-28,0,"Minnesota"
2020-02-29,0,"Minnesota"
2020-03-01,0,"Minnesota"
2020-03-02,0,"Minnesota"
2020-03-03,0,"Minnesota"
2020-03-04,0,"Minnesota"
2020-03-05,0,"Minnesota"
2020-03-06,0,"Minnesota"
2020-03-07,0,"Minnesota"
2020-03-08,0,"Minnesota"
2020-03-09,0,"Minnesota"
2020-03-10,0,"Minnesota"
2020-03-11,0,"Minnesota"
2020-03-12,0,"Minnesota"
2020-03-13,0,"Minnesota"
2020-03-14,0,"Minnesota"
2020-03-15,0,"Minnesota"
2020-03-16,0,"Minnesota"
2020-03-17,0,"Minnesota"
2020-03-18,0,"Minnesota"
2020-03-19,0,"Minnesota"
2020-03-20,0,"Minnesota"
2020-01-22,0,"Mississippi"
2020-01-23,0,"Mississippi"
2020-01-24,0,"Mississippi"
2020-01-25,0,"Mississippi"
2020-01-26,0,"Mississippi"
2020-01-27,0,"Mississippi"
2020-01-28,0,"Mississippi"
2020-01-29,0,"Mississippi"
2020-01-30,0,"Mississippi"
2020-01-31,0,"Mississippi"
2020-02-01,0,"Mississippi"
2020-02-02,0,"Mississippi"
2020-02-03,0,"Mississippi"
2020-02-04,0,"Mississippi"
2020-02-05,0,"Mississippi"
2020-02-06,0,"Mississippi"
2020-02-07,0,"Mississippi"
2020-02-08,0,"Mississippi"
2020-02-09,0,"Mississippi"
2020-02-10,0,"Mississippi"
2020-02-11,0,"Mississippi"
2020-02-12,0,"Mississippi"
2020-02-13,0,"Mississippi"
2020-02-14,0,"Mississippi"
2020-02-15,0,"Mississippi"
2020-02-16,0,"Mississippi"
2020-02-17,0,"Mississippi"
2020-02-18,0,"Mississippi"
2020-02-19,0,"Mississippi"
2020-02-20,0,"Mississippi"
2020-02-21,0,"Mississippi"
2020-02-22,0,"Mississippi"
2020-02-23,0,"Mississippi"
2020-02-24,0,"Mississippi"
2020-02-25,0,"Mississippi"
2020-02-26,0,"Mississippi"
2020-02-27,0,"Mississippi"
2020-02-28,0,"Mississippi"
2020-02-29,0,"Mississippi"
2020-03-01,0,"Mississippi"
2020-03-02,0,"Mississippi"
2020-03-03,0,"Mississippi"
2020-03-04,0,"Mississippi"
2020-03-05,0,"Mississippi"
2020-03-06,0,"Mississippi"
2020-03-07,0,"Mississippi"
2020-03-08,0,"Mississippi"
2020-03-09,0,"Mississippi"
2020-03-10,0,"Mississippi"
2020-03-11,0,"Mississippi"
2020-03-12,0,"Mississippi"
2020-03-13,0,"Mississippi"
2020-03-14,0,"Mississippi"
2020-03-15,0,"Mississippi"
2020-03-16,0,"Mississippi"
2020-03-17,0,"Mississippi"
2020-03-18,0,"Mississippi"
2020-03-19,1,"Mississippi"
2020-03-20,1,"Mississippi"
2020-01-22,0,"Missouri"
2020-01-23,0,"Missouri"
2020-01-24,0,"Missouri"
2020-01-25,0,"Missouri"
2020-01-26,0,"Missouri"
2020-01-27,0,"Missouri"
2020-01-28,0,"Missouri"
2020-01-29,0,"Missouri"
2020-01-30,0,"Missouri"
2020-01-31,0,"Missouri"
2020-02-01,0,"Missouri"
2020-02-02,0,"Missouri"
2020-02-03,0,"Missouri"
2020-02-04,0,"Missouri"
2020-02-05,0,"Missouri"
2020-02-06,0,"Missouri"
2020-02-07,0,"Missouri"
2020-02-08,0,"Missouri"
2020-02-09,0,"Missouri"
2020-02-10,0,"Missouri"
2020-02-11,0,"Missouri"
2020-02-12,0,"Missouri"
2020-02-13,0,"Missouri"
2020-02-14,0,"Missouri"
2020-02-15,0,"Missouri"
2020-02-16,0,"Missouri"
2020-02-17,0,"Missouri"
2020-02-18,0,"Missouri"
2020-02-19,0,"Missouri"
2020-02-20,0,"Missouri"
2020-02-21,0,"Missouri"
2020-02-22,0,"Missouri"
2020-02-23,0,"Missouri"
2020-02-24,0,"Missouri"
2020-02-25,0,"Missouri"
2020-02-26,0,"Missouri"
2020-02-27,0,"Missouri"
2020-02-28,0,"Missouri"
2020-02-29,0,"Missouri"
2020-03-01,0,"Missouri"
2020-03-02,0,"Missouri"
2020-03-03,0,"Missouri"
2020-03-04,0,"Missouri"
2020-03-05,0,"Missouri"
2020-03-06,0,"Missouri"
2020-03-07,0,"Missouri"
2020-03-08,0,"Missouri"
2020-03-09,0,"Missouri"
2020-03-10,0,"Missouri"
2020-03-11,0,"Missouri"
2020-03-12,0,"Missouri"
2020-03-13,0,"Missouri"
2020-03-14,0,"Missouri"
2020-03-15,0,"Missouri"
2020-03-16,0,"Missouri"
2020-03-17,0,"Missouri"
2020-03-18,0,"Missouri"
2020-03-19,1,"Missouri"
2020-03-20,2,"Missouri"
2020-01-22,0,"Montana"
2020-01-23,0,"Montana"
2020-01-24,0,"Montana"
2020-01-25,0,"Montana"
2020-01-26,0,"Montana"
2020-01-27,0,"Montana"
2020-01-28,0,"Montana"
2020-01-29,0,"Montana"
2020-01-30,0,"Montana"
2020-01-31,0,"Montana"
2020-02-01,0,"Montana"
2020-02-02,0,"Montana"
2020-02-03,0,"Montana"
2020-02-04,0,"Montana"
2020-02-05,0,"Montana"
2020-02-06,0,"Montana"
2020-02-07,0,"Montana"
2020-02-08,0,"Montana"
2020-02-09,0,"Montana"
2020-02-10,0,"Montana"
2020-02-11,0,"Montana"
2020-02-12,0,"Montana"
2020-02-13,0,"Montana"
2020-02-14,0,"Montana"
2020-02-15,0,"Montana"
2020-02-16,0,"Montana"
2020-02-17,0,"Montana"
2020-02-18,0,"Montana"
2020-02-19,0,"Montana"
2020-02-20,0,"Montana"
2020-02-21,0,"Montana"
2020-02-22,0,"Montana"
2020-02-23,0,"Montana"
2020-02-24,0,"Montana"
2020-02-25,0,"Montana"
2020-02-26,0,"Montana"
2020-02-27,0,"Montana"
2020-02-28,0,"Montana"
2020-02-29,0,"Montana"
2020-03-01,0,"Montana"
2020-03-02,0,"Montana"
2020-03-03,0,"Montana"
2020-03-04,0,"Montana"
2020-03-05,0,"Montana"
2020-03-06,0,"Montana"
2020-03-07,0,"Montana"
2020-03-08,0,"Montana"
2020-03-09,0,"Montana"
2020-03-10,0,"Montana"
2020-03-11,0,"Montana"
2020-03-12,0,"Montana"
2020-03-13,0,"Montana"
2020-03-14,0,"Montana"
2020-03-15,0,"Montana"
2020-03-16,0,"Montana"
2020-03-17,0,"Montana"
2020-03-18,0,"Montana"
2020-03-19,0,"Montana"
2020-03-20,0,"Montana"
2020-01-22,0,"Nebraska"
2020-01-23,0,"Nebraska"
2020-01-24,0,"Nebraska"
2020-01-25,0,"Nebraska"
2020-01-26,0,"Nebraska"
2020-01-27,0,"Nebraska"
2020-01-28,0,"Nebraska"
2020-01-29,0,"Nebraska"
2020-01-30,0,"Nebraska"
2020-01-31,0,"Nebraska"
2020-02-01,0,"Nebraska"
2020-02-02,0,"Nebraska"
2020-02-03,0,"Nebraska"
2020-02-04,0,"Nebraska"
2020-02-05,0,"Nebraska"
2020-02-06,0,"Nebraska"
2020-02-07,0,"Nebraska"
2020-02-08,0,"Nebraska"
2020-02-09,0,"Nebraska"
2020-02-10,0,"Nebraska"
2020-02-11,0,"Nebraska"
2020-02-12,0,"Nebraska"
2020-02-13,0,"Nebraska"
2020-02-14,0,"Nebraska"
2020-02-15,0,"Nebraska"
2020-02-16,0,"Nebraska"
2020-02-17,0,"Nebraska"
2020-02-18,0,"Nebraska"
2020-02-19,0,"Nebraska"
2020-02-20,0,"Nebraska"
2020-02-21,0,"Nebraska"
2020-02-22,0,"Nebraska"
2020-02-23,0,"Nebraska"
2020-02-24,0,"Nebraska"
2020-02-25,0,"Nebraska"
2020-02-26,0,"Nebraska"
2020-02-27,0,"Nebraska"
2020-02-28,0,"Nebraska"
2020-02-29,0,"Nebraska"
2020-03-01,0,"Nebraska"
2020-03-02,0,"Nebraska"
2020-03-03,0,"Nebraska"
2020-03-04,0,"Nebraska"
2020-03-05,0,"Nebraska"
2020-03-06,0,"Nebraska"
2020-03-07,0,"Nebraska"
2020-03-08,0,"Nebraska"
2020-03-09,0,"Nebraska"
2020-03-10,0,"Nebraska"
2020-03-11,0,"Nebraska"
2020-03-12,0,"Nebraska"
2020-03-13,0,"Nebraska"
2020-03-14,0,"Nebraska"
2020-03-15,0,"Nebraska"
2020-03-16,0,"Nebraska"
2020-03-17,0,"Nebraska"
2020-03-18,0,"Nebraska"
2020-03-19,0,"Nebraska"
2020-03-20,0,"Nebraska"
2020-01-22,0,"Nevada"
2020-01-23,0,"Nevada"
2020-01-24,0,"Nevada"
2020-01-25,0,"Nevada"
2020-01-26,0,"Nevada"
2020-01-27,0,"Nevada"
2020-01-28,0,"Nevada"
2020-01-29,0,"Nevada"
2020-01-30,0,"Nevada"
2020-01-31,0,"Nevada"
2020-02-01,0,"Nevada"
2020-02-02,0,"Nevada"
2020-02-03,0,"Nevada"
2020-02-04,0,"Nevada"
2020-02-05,0,"Nevada"
2020-02-06,0,"Nevada"
2020-02-07,0,"Nevada"
2020-02-08,0,"Nevada"
2020-02-09,0,"Nevada"
2020-02-10,0,"Nevada"
2020-02-11,0,"Nevada"
2020-02-12,0,"Nevada"
2020-02-13,0,"Nevada"
2020-02-14,0,"Nevada"
2020-02-15,0,"Nevada"
2020-02-16,0,"Nevada"
2020-02-17,0,"Nevada"
2020-02-18,0,"Nevada"
2020-02-19,0,"Nevada"
2020-02-20,0,"Nevada"
2020-02-21,0,"Nevada"
2020-02-22,0,"Nevada"
2020-02-23,0,"Nevada"
2020-02-24,0,"Nevada"
2020-02-25,0,"Nevada"
2020-02-26,0,"Nevada"
2020-02-27,0,"Nevada"
2020-02-28,0,"Nevada"
2020-02-29,0,"Nevada"
2020-03-01,0,"Nevada"
2020-03-02,0,"Nevada"
2020-03-03,0,"Nevada"
2020-03-04,0,"Nevada"
2020-03-05,0,"Nevada"
2020-03-06,0,"Nevada"
2020-03-07,0,"Nevada"
2020-03-08,0,"Nevada"
2020-03-09,0,"Nevada"
2020-03-10,0,"Nevada"
2020-03-11,0,"Nevada"
2020-03-12,0,"Nevada"
2020-03-13,0,"Nevada"
2020-03-14,0,"Nevada"
2020-03-15,0,"Nevada"
2020-03-16,1,"Nevada"
2020-03-17,1,"Nevada"
2020-03-18,1,"Nevada"
2020-03-19,1,"Nevada"
2020-03-20,1,"Nevada"
2020-01-22,0,"New Hampshire"
2020-01-23,0,"New Hampshire"
2020-01-24,0,"New Hampshire"
2020-01-25,0,"New Hampshire"
2020-01-26,0,"New Hampshire"
2020-01-27,0,"New Hampshire"
2020-01-28,0,"New Hampshire"
2020-01-29,0,"New Hampshire"
2020-01-30,0,"New Hampshire"
2020-01-31,0,"New Hampshire"
2020-02-01,0,"New Hampshire"
2020-02-02,0,"New Hampshire"
2020-02-03,0,"New Hampshire"
2020-02-04,0,"New Hampshire"
2020-02-05,0,"New Hampshire"
2020-02-06,0,"New Hampshire"
2020-02-07,0,"New Hampshire"
2020-02-08,0,"New Hampshire"
2020-02-09,0,"New Hampshire"
2020-02-10,0,"New Hampshire"
2020-02-11,0,"New Hampshire"
2020-02-12,0,"New Hampshire"
2020-02-13,0,"New Hampshire"
2020-02-14,0,"New Hampshire"
2020-02-15,0,"New Hampshire"
2020-02-16,0,"New Hampshire"
2020-02-17,0,"New Hampshire"
2020-02-18,0,"New Hampshire"
2020-02-19,0,"New Hampshire"
2020-02-20,0,"New Hampshire"
2020-02-21,0,"New Hampshire"
2020-02-22,0,"New Hampshire"
2020-02-23,0,"New Hampshire"
2020-02-24,0,"New Hampshire"
2020-02-25,0,"New Hampshire"
2020-02-26,0,"New Hampshire"
2020-02-27,0,"New Hampshire"
2020-02-28,0,"New Hampshire"
2020-02-29,0,"New Hampshire"
2020-03-01,0,"New Hampshire"
2020-03-02,0,"New Hampshire"
2020-03-03,0,"New Hampshire"
2020-03-04,0,"New Hampshire"
2020-03-05,0,"New Hampshire"
2020-03-06,0,"New Hampshire"
2020-03-07,0,"New Hampshire"
2020-03-08,0,"New Hampshire"
2020-03-09,0,"New Hampshire"
2020-03-10,0,"New Hampshire"
2020-03-11,0,"New Hampshire"
2020-03-12,0,"New Hampshire"
2020-03-13,0,"New Hampshire"
2020-03-14,0,"New Hampshire"
2020-03-15,0,"New Hampshire"
2020-03-16,0,"New Hampshire"
2020-03-17,0,"New Hampshire"
2020-03-18,0,"New Hampshire"
2020-03-19,0,"New Hampshire"
2020-03-20,0,"New Hampshire"
2020-01-22,0,"New Jersey"
2020-01-23,0,"New Jersey"
2020-01-24,0,"New Jersey"
2020-01-25,0,"New Jersey"
2020-01-26,0,"New Jersey"
2020-01-27,0,"New Jersey"
2020-01-28,0,"New Jersey"
2020-01-29,0,"New Jersey"
2020-01-30,0,"New Jersey"
2020-01-31,0,"New Jersey"
2020-02-01,0,"New Jersey"
2020-02-02,0,"New Jersey"
2020-02-03,0,"New Jersey"
2020-02-04,0,"New Jersey"
2020-02-05,0,"New Jersey"
2020-02-06,0,"New Jersey"
2020-02-07,0,"New Jersey"
2020-02-08,0,"New Jersey"
2020-02-09,0,"New Jersey"
2020-02-10,0,"New Jersey"
2020-02-11,0,"New Jersey"
2020-02-12,0,"New Jersey"
2020-02-13,0,"New Jersey"
2020-02-14,0,"New Jersey"
2020-02-15,0,"New Jersey"
2020-02-16,0,"New Jersey"
2020-02-17,0,"New Jersey"
2020-02-18,0,"New Jersey"
2020-02-19,0,"New Jersey"
2020-02-20,0,"New Jersey"
2020-02-21,0,"New Jersey"
2020-02-22,0,"New Jersey"
2020-02-23,0,"New Jersey"
2020-02-24,0,"New Jersey"
2020-02-25,0,"New Jersey"
2020-02-26,0,"New Jersey"
2020-02-27,0,"New Jersey"
2020-02-28,0,"New Jersey"
2020-02-29,0,"New Jersey"
2020-03-01,0,"New Jersey"
2020-03-02,0,"New Jersey"
2020-03-03,0,"New Jersey"
2020-03-04,0,"New Jersey"
2020-03-05,0,"New Jersey"
2020-03-06,0,"New Jersey"
2020-03-07,0,"New Jersey"
2020-03-08,0,"New Jersey"
2020-03-09,0,"New Jersey"
2020-03-10,1,"New Jersey"
2020-03-11,1,"New Jersey"
2020-03-12,1,"New Jersey"
2020-03-13,1,"New Jersey"
2020-03-14,1,"New Jersey"
2020-03-15,2,"New Jersey"
2020-03-16,2,"New Jersey"
2020-03-17,3,"New Jersey"
2020-03-18,3,"New Jersey"
2020-03-19,9,"New Jersey"
2020-03-20,11,"New Jersey"
2020-01-22,0,"New Mexico"
2020-01-23,0,"New Mexico"
2020-01-24,0,"New Mexico"
2020-01-25,0,"New Mexico"
2020-01-26,0,"New Mexico"
2020-01-27,0,"New Mexico"
2020-01-28,0,"New Mexico"
2020-01-29,0,"New Mexico"
2020-01-30,0,"New Mexico"
2020-01-31,0,"New Mexico"
2020-02-01,0,"New Mexico"
2020-02-02,0,"New Mexico"
2020-02-03,0,"New Mexico"
2020-02-04,0,"New Mexico"
2020-02-05,0,"New Mexico"
2020-02-06,0,"New Mexico"
2020-02-07,0,"New Mexico"
2020-02-08,0,"New Mexico"
2020-02-09,0,"New Mexico"
2020-02-10,0,"New Mexico"
2020-02-11,0,"New Mexico"
2020-02-12,0,"New Mexico"
2020-02-13,0,"New Mexico"
2020-02-14,0,"New Mexico"
2020-02-15,0,"New Mexico"
2020-02-16,0,"New Mexico"
2020-02-17,0,"New Mexico"
2020-02-18,0,"New Mexico"
2020-02-19,0,"New Mexico"
2020-02-20,0,"New Mexico"
2020-02-21,0,"New Mexico"
2020-02-22,0,"New Mexico"
2020-02-23,0,"New Mexico"
2020-02-24,0,"New Mexico"
2020-02-25,0,"New Mexico"
2020-02-26,0,"New Mexico"
2020-02-27,0,"New Mexico"
2020-02-28,0,"New Mexico"
2020-02-29,0,"New Mexico"
2020-03-01,0,"New Mexico"
2020-03-02,0,"New Mexico"
2020-03-03,0,"New Mexico"
2020-03-04,0,"New Mexico"
2020-03-05,0,"New Mexico"
2020-03-06,0,"New Mexico"
2020-03-07,0,"New Mexico"
2020-03-08,0,"New Mexico"
2020-03-09,0,"New Mexico"
2020-03-10,0,"New Mexico"
2020-03-11,0,"New Mexico"
2020-03-12,0,"New Mexico"
2020-03-13,0,"New Mexico"
2020-03-14,0,"New Mexico"
2020-03-15,0,"New Mexico"
2020-03-16,0,"New Mexico"
2020-03-17,0,"New Mexico"
2020-03-18,0,"New Mexico"
2020-03-19,0,"New Mexico"
2020-03-20,0,"New Mexico"
2020-01-22,0,"New York"
2020-01-23,0,"New York"
2020-01-24,0,"New York"
2020-01-25,0,"New York"
2020-01-26,0,"New York"
2020-01-27,0,"New York"
2020-01-28,0,"New York"
2020-01-29,0,"New York"
2020-01-30,0,"New York"
2020-01-31,0,"New York"
2020-02-01,0,"New York"
2020-02-02,0,"New York"
2020-02-03,0,"New York"
2020-02-04,0,"New York"
2020-02-05,0,"New York"
2020-02-06,0,"New York"
2020-02-07,0,"New York"
2020-02-08,0,"New York"
2020-02-09,0,"New York"
2020-02-10,0,"New York"
2020-02-11,0,"New York"
2020-02-12,0,"New York"
2020-02-13,0,"New York"
2020-02-14,0,"New York"
2020-02-15,0,"New York"
2020-02-16,0,"New York"
2020-02-17,0,"New York"
2020-02-18,0,"New York"
2020-02-19,0,"New York"
2020-02-20,0,"New York"
2020-02-21,0,"New York"
2020-02-22,0,"New York"
2020-02-23,0,"New York"
2020-02-24,0,"New York"
2020-02-25,0,"New York"
2020-02-26,0,"New York"
2020-02-27,0,"New York"
2020-02-28,0,"New York"
2020-02-29,0,"New York"
2020-03-01,0,"New York"
2020-03-02,0,"New York"
2020-03-03,0,"New York"
2020-03-04,0,"New York"
2020-03-05,0,"New York"
2020-03-06,0,"New York"
2020-03-07,0,"New York"
2020-03-08,0,"New York"
2020-03-09,0,"New York"
2020-03-10,0,"New York"
2020-03-11,0,"New York"
2020-03-12,0,"New York"
2020-03-13,0,"New York"
2020-03-14,2,"New York"
2020-03-15,3,"New York"
2020-03-16,10,"New York"
2020-03-17,13,"New York"
2020-03-18,16,"New York"
2020-03-19,34,"New York"
2020-03-20,42,"New York"
2020-01-22,0,"North Carolina"
2020-01-23,0,"North Carolina"
2020-01-24,0,"North Carolina"
2020-01-25,0,"North Carolina"
2020-01-26,0,"North Carolina"
2020-01-27,0,"North Carolina"
2020-01-28,0,"North Carolina"
2020-01-29,0,"North Carolina"
2020-01-30,0,"North Carolina"
2020-01-31,0,"North Carolina"
2020-02-01,0,"North Carolina"
2020-02-02,0,"North Carolina"
2020-02-03,0,"North Carolina"
2020-02-04,0,"North Carolina"
2020-02-05,0,"North Carolina"
2020-02-06,0,"North Carolina"
2020-02-07,0,"North Carolina"
2020-02-08,0,"North Carolina"
2020-02-09,0,"North Carolina"
2020-02-10,0,"North Carolina"
2020-02-11,0,"North Carolina"
2020-02-12,0,"North Carolina"
2020-02-13,0,"North Carolina"
2020-02-14,0,"North Carolina"
2020-02-15,0,"North Carolina"
2020-02-16,0,"North Carolina"
2020-02-17,0,"North Carolina"
2020-02-18,0,"North Carolina"
2020-02-19,0,"North Carolina"
2020-02-20,0,"North Carolina"
2020-02-21,0,"North Carolina"
2020-02-22,0,"North Carolina"
2020-02-23,0,"North Carolina"
2020-02-24,0,"North Carolina"
2020-02-25,0,"North Carolina"
2020-02-26,0,"North Carolina"
2020-02-27,0,"North Carolina"
2020-02-28,0,"North Carolina"
2020-02-29,0,"North Carolina"
2020-03-01,0,"North Carolina"
2020-03-02,0,"North Carolina"
2020-03-03,0,"North Carolina"
2020-03-04,0,"North Carolina"
2020-03-05,0,"North Carolina"
2020-03-06,0,"North Carolina"
2020-03-07,0,"North Carolina"
2020-03-08,0,"North Carolina"
2020-03-09,0,"North Carolina"
2020-03-10,0,"North Carolina"
2020-03-11,0,"North Carolina"
2020-03-12,0,"North Carolina"
2020-03-13,0,"North Carolina"
2020-03-14,0,"North Carolina"
2020-03-15,0,"North Carolina"
2020-03-16,0,"North Carolina"
2020-03-17,0,"North Carolina"
2020-03-18,0,"North Carolina"
2020-03-19,0,"North Carolina"
2020-03-20,0,"North Carolina"
2020-01-22,0,"North Dakota"
2020-01-23,0,"North Dakota"
2020-01-24,0,"North Dakota"
2020-01-25,0,"North Dakota"
2020-01-26,0,"North Dakota"
2020-01-27,0,"North Dakota"
2020-01-28,0,"North Dakota"
2020-01-29,0,"North Dakota"
2020-01-30,0,"North Dakota"
2020-01-31,0,"North Dakota"
2020-02-01,0,"North Dakota"
2020-02-02,0,"North Dakota"
2020-02-03,0,"North Dakota"
2020-02-04,0,"North Dakota"
2020-02-05,0,"North Dakota"
2020-02-06,0,"North Dakota"
2020-02-07,0,"North Dakota"
2020-02-08,0,"North Dakota"
2020-02-09,0,"North Dakota"
2020-02-10,0,"North Dakota"
2020-02-11,0,"North Dakota"
2020-02-12,0,"North Dakota"
2020-02-13,0,"North Dakota"
2020-02-14,0,"North Dakota"
2020-02-15,0,"North Dakota"
2020-02-16,0,"North Dakota"
2020-02-17,0,"North Dakota"
2020-02-18,0,"North Dakota"
2020-02-19,0,"North Dakota"
2020-02-20,0,"North Dakota"
2020-02-21,0,"North Dakota"
2020-02-22,0,"North Dakota"
2020-02-23,0,"North Dakota"
2020-02-24,0,"North Dakota"
2020-02-25,0,"North Dakota"
2020-02-26,0,"North Dakota"
2020-02-27,0,"North Dakota"
2020-02-28,0,"North Dakota"
2020-02-29,0,"North Dakota"
2020-03-01,0,"North Dakota"
2020-03-02,0,"North Dakota"
2020-03-03,0,"North Dakota"
2020-03-04,0,"North Dakota"
2020-03-05,0,"North Dakota"
2020-03-06,0,"North Dakota"
2020-03-07,0,"North Dakota"
2020-03-08,0,"North Dakota"
2020-03-09,0,"North Dakota"
2020-03-10,0,"North Dakota"
2020-03-11,0,"North Dakota"
2020-03-12,0,"North Dakota"
2020-03-13,0,"North Dakota"
2020-03-14,0,"North Dakota"
2020-03-15,0,"North Dakota"
2020-03-16,0,"North Dakota"
2020-03-17,0,"North Dakota"
2020-03-18,0,"North Dakota"
2020-03-19,0,"North Dakota"
2020-03-20,0,"North Dakota"
2020-01-22,0,"Ohio"
2020-01-23,0,"Ohio"
2020-01-24,0,"Ohio"
2020-01-25,0,"Ohio"
2020-01-26,0,"Ohio"
2020-01-27,0,"Ohio"
2020-01-28,0,"Ohio"
2020-01-29,0,"Ohio"
2020-01-30,0,"Ohio"
2020-01-31,0,"Ohio"
2020-02-01,0,"Ohio"
2020-02-02,0,"Ohio"
2020-02-03,0,"Ohio"
2020-02-04,0,"Ohio"
2020-02-05,0,"Ohio"
2020-02-06,0,"Ohio"
2020-02-07,0,"Ohio"
2020-02-08,0,"Ohio"
2020-02-09,0,"Ohio"
2020-02-10,0,"Ohio"
2020-02-11,0,"Ohio"
2020-02-12,0,"Ohio"
2020-02-13,0,"Ohio"
2020-02-14,0,"Ohio"
2020-02-15,0,"Ohio"
2020-02-16,0,"Ohio"
2020-02-17,0,"Ohio"
2020-02-18,0,"Ohio"
2020-02-19,0,"Ohio"
2020-02-20,0,"Ohio"
2020-02-21,0,"Ohio"
2020-02-22,0,"Ohio"
2020-02-23,0,"Ohio"
2020-02-24,0,"Ohio"
2020-02-25,0,"Ohio"
2020-02-26,0,"Ohio"
2020-02-27,0,"Ohio"
2020-02-28,0,"Ohio"
2020-02-29,0,"Ohio"
2020-03-01,0,"Ohio"
2020-03-02,0,"Ohio"
2020-03-03,0,"Ohio"
2020-03-04,0,"Ohio"
2020-03-05,0,"Ohio"
2020-03-06,0,"Ohio"
2020-03-07,0,"Ohio"
2020-03-08,0,"Ohio"
2020-03-09,0,"Ohio"
2020-03-10,0,"Ohio"
2020-03-11,0,"Ohio"
2020-03-12,0,"Ohio"
2020-03-13,0,"Ohio"
2020-03-14,0,"Ohio"
2020-03-15,0,"Ohio"
2020-03-16,0,"Ohio"
2020-03-17,0,"Ohio"
2020-03-18,0,"Ohio"
2020-03-19,0,"Ohio"
2020-03-20,2,"Ohio"
2020-01-22,0,"Oklahoma"
2020-01-23,0,"Oklahoma"
2020-01-24,0,"Oklahoma"
2020-01-25,0,"Oklahoma"
2020-01-26,0,"Oklahoma"
2020-01-27,0,"Oklahoma"
2020-01-28,0,"Oklahoma"
2020-01-29,0,"Oklahoma"
2020-01-30,0,"Oklahoma"
2020-01-31,0,"Oklahoma"
2020-02-01,0,"Oklahoma"
2020-02-02,0,"Oklahoma"
2020-02-03,0,"Oklahoma"
2020-02-04,0,"Oklahoma"
2020-02-05,0,"Oklahoma"
2020-02-06,0,"Oklahoma"
2020-02-07,0,"Oklahoma"
2020-02-08,0,"Oklahoma"
2020-02-09,0,"Oklahoma"
2020-02-10,0,"Oklahoma"
2020-02-11,0,"Oklahoma"
2020-02-12,0,"Oklahoma"
2020-02-13,0,"Oklahoma"
2020-02-14,0,"Oklahoma"
2020-02-15,0,"Oklahoma"
2020-02-16,0,"Oklahoma"
2020-02-17,0,"Oklahoma"
2020-02-18,0,"Oklahoma"
2020-02-19,0,"Oklahoma"
2020-02-20,0,"Oklahoma"
2020-02-21,0,"Oklahoma"
2020-02-22,0,"Oklahoma"
2020-02-23,0,"Oklahoma"
2020-02-24,0,"Oklahoma"
2020-02-25,0,"Oklahoma"
2020-02-26,0,"Oklahoma"
2020-02-27,0,"Oklahoma"
2020-02-28,0,"Oklahoma"
2020-02-29,0,"Oklahoma"
2020-03-01,0,"Oklahoma"
2020-03-02,0,"Oklahoma"
2020-03-03,0,"Oklahoma"
2020-03-04,0,"Oklahoma"
2020-03-05,0,"Oklahoma"
2020-03-06,0,"Oklahoma"
2020-03-07,0,"Oklahoma"
2020-03-08,0,"Oklahoma"
2020-03-09,0,"Oklahoma"
2020-03-10,0,"Oklahoma"
2020-03-11,0,"Oklahoma"
2020-03-12,0,"Oklahoma"
2020-03-13,0,"Oklahoma"
2020-03-14,0,"Oklahoma"
2020-03-15,0,"Oklahoma"
2020-03-16,0,"Oklahoma"
2020-03-17,0,"Oklahoma"
2020-03-18,0,"Oklahoma"
2020-03-19,1,"Oklahoma"
2020-03-20,1,"Oklahoma"
2020-01-22,0,"Oregon"
2020-01-23,0,"Oregon"
2020-01-24,0,"Oregon"
2020-01-25,0,"Oregon"
2020-01-26,0,"Oregon"
2020-01-27,0,"Oregon"
2020-01-28,0,"Oregon"
2020-01-29,0,"Oregon"
2020-01-30,0,"Oregon"
2020-01-31,0,"Oregon"
2020-02-01,0,"Oregon"
2020-02-02,0,"Oregon"
2020-02-03,0,"Oregon"
2020-02-04,0,"Oregon"
2020-02-05,0,"Oregon"
2020-02-06,0,"Oregon"
2020-02-07,0,"Oregon"
2020-02-08,0,"Oregon"
2020-02-09,0,"Oregon"
2020-02-10,0,"Oregon"
2020-02-11,0,"Oregon"
2020-02-12,0,"Oregon"
2020-02-13,0,"Oregon"
2020-02-14,0,"Oregon"
2020-02-15,0,"Oregon"
2020-02-16,0,"Oregon"
2020-02-17,0,"Oregon"
2020-02-18,0,"Oregon"
2020-02-19,0,"Oregon"
2020-02-20,0,"Oregon"
2020-02-21,0,"Oregon"
2020-02-22,0,"Oregon"
2020-02-23,0,"Oregon"
2020-02-24,0,"Oregon"
2020-02-25,0,"Oregon"
2020-02-26,0,"Oregon"
2020-02-27,0,"Oregon"
2020-02-28,0,"Oregon"
2020-02-29,0,"Oregon"
2020-03-01,0,"Oregon"
2020-03-02,0,"Oregon"
2020-03-03,0,"Oregon"
2020-03-04,0,"Oregon"
2020-03-05,0,"Oregon"
2020-03-06,0,"Oregon"
2020-03-07,0,"Oregon"
2020-03-08,0,"Oregon"
2020-03-09,0,"Oregon"
2020-03-10,0,"Oregon"
2020-03-11,0,"Oregon"
2020-03-12,0,"Oregon"
2020-03-13,0,"Oregon"
2020-03-14,0,"Oregon"
2020-03-15,1,"Oregon"
2020-03-16,1,"Oregon"
2020-03-17,1,"Oregon"
2020-03-18,2,"Oregon"
2020-03-19,3,"Oregon"
2020-03-20,3,"Oregon"
2020-01-22,0,"Pennsylvania"
2020-01-23,0,"Pennsylvania"
2020-01-24,0,"Pennsylvania"
2020-01-25,0,"Pennsylvania"
2020-01-26,0,"Pennsylvania"
2020-01-27,0,"Pennsylvania"
2020-01-28,0,"Pennsylvania"
2020-01-29,0,"Pennsylvania"
2020-01-30,0,"Pennsylvania"
2020-01-31,0,"Pennsylvania"
2020-02-01,0,"Pennsylvania"
2020-02-02,0,"Pennsylvania"
2020-02-03,0,"Pennsylvania"
2020-02-04,0,"Pennsylvania"
2020-02-05,0,"Pennsylvania"
2020-02-06,0,"Pennsylvania"
2020-02-07,0,"Pennsylvania"
2020-02-08,0,"Pennsylvania"
2020-02-09,0,"Pennsylvania"
2020-02-10,0,"Pennsylvania"
2020-02-11,0,"Pennsylvania"
2020-02-12,0,"Pennsylvania"
2020-02-13,0,"Pennsylvania"
2020-02-14,0,"Pennsylvania"
2020-02-15,0,"Pennsylvania"
2020-02-16,0,"Pennsylvania"
2020-02-17,0,"Pennsylvania"
2020-02-18,0,"Pennsylvania"
2020-02-19,0,"Pennsylvania"
2020-02-20,0,"Pennsylvania"
2020-02-21,0,"Pennsylvania"
2020-02-22,0,"Pennsylvania"
2020-02-23,0,"Pennsylvania"
2020-02-24,0,"Pennsylvania"
2020-02-25,0,"Pennsylvania"
2020-02-26,0,"Pennsylvania"
2020-02-27,0,"Pennsylvania"
2020-02-28,0,"Pennsylvania"
2020-02-29,0,"Pennsylvania"
2020-03-01,0,"Pennsylvania"
2020-03-02,0,"Pennsylvania"
2020-03-03,0,"Pennsylvania"
2020-03-04,0,"Pennsylvania"
2020-03-05,0,"Pennsylvania"
2020-03-06,0,"Pennsylvania"
2020-03-07,0,"Pennsylvania"
2020-03-08,0,"Pennsylvania"
2020-03-09,0,"Pennsylvania"
2020-03-10,0,"Pennsylvania"
2020-03-11,0,"Pennsylvania"
2020-03-12,0,"Pennsylvania"
2020-03-13,0,"Pennsylvania"
2020-03-14,0,"Pennsylvania"
2020-03-15,0,"Pennsylvania"
2020-03-16,0,"Pennsylvania"
2020-03-17,0,"Pennsylvania"
2020-03-18,0,"Pennsylvania"
2020-03-19,1,"Pennsylvania"
2020-03-20,1,"Pennsylvania"
2020-01-22,0,"Puerto Rico"
2020-01-23,0,"Puerto Rico"
2020-01-24,0,"Puerto Rico"
2020-01-25,0,"Puerto Rico"
2020-01-26,0,"Puerto Rico"
2020-01-27,0,"Puerto Rico"
2020-01-28,0,"Puerto Rico"
2020-01-29,0,"Puerto Rico"
2020-01-30,0,"Puerto Rico"
2020-01-31,0,"Puerto Rico"
2020-02-01,0,"Puerto Rico"
2020-02-02,0,"Puerto Rico"
2020-02-03,0,"Puerto Rico"
2020-02-04,0,"Puerto Rico"
2020-02-05,0,"Puerto Rico"
2020-02-06,0,"Puerto Rico"
2020-02-07,0,"Puerto Rico"
2020-02-08,0,"Puerto Rico"
2020-02-09,0,"Puerto Rico"
2020-02-10,0,"Puerto Rico"
2020-02-11,0,"Puerto Rico"
2020-02-12,0,"Puerto Rico"
2020-02-13,0,"Puerto Rico"
2020-02-14,0,"Puerto Rico"
2020-02-15,0,"Puerto Rico"
2020-02-16,0,"Puerto Rico"
2020-02-17,0,"Puerto Rico"
2020-02-18,0,"Puerto Rico"
2020-02-19,0,"Puerto Rico"
2020-02-20,0,"Puerto Rico"
2020-02-21,0,"Puerto Rico"
2020-02-22,0,"Puerto Rico"
2020-02-23,0,"Puerto Rico"
2020-02-24,0,"Puerto Rico"
2020-02-25,0,"Puerto Rico"
2020-02-26,0,"Puerto Rico"
2020-02-27,0,"Puerto Rico"
2020-02-28,0,"Puerto Rico"
2020-02-29,0,"Puerto Rico"
2020-03-01,0,"Puerto Rico"
2020-03-02,0,"Puerto Rico"
2020-03-03,0,"Puerto Rico"
2020-03-04,0,"Puerto Rico"
2020-03-05,0,"Puerto Rico"
2020-03-06,0,"Puerto Rico"
2020-03-07,0,"Puerto Rico"
2020-03-08,0,"Puerto Rico"
2020-03-09,0,"Puerto Rico"
2020-03-10,0,"Puerto Rico"
2020-03-11,0,"Puerto Rico"
2020-03-12,0,"Puerto Rico"
2020-03-13,0,"Puerto Rico"
2020-03-14,0,"Puerto Rico"
2020-03-15,0,"Puerto Rico"
2020-03-16,0,"Puerto Rico"
2020-03-17,0,"Puerto Rico"
2020-03-18,0,"Puerto Rico"
2020-03-19,0,"Puerto Rico"
2020-03-20,0,"Puerto Rico"
2020-01-22,0,"Rhode Island"
2020-01-23,0,"Rhode Island"
2020-01-24,0,"Rhode Island"
2020-01-25,0,"Rhode Island"
2020-01-26,0,"Rhode Island"
2020-01-27,0,"Rhode Island"
2020-01-28,0,"Rhode Island"
2020-01-29,0,"Rhode Island"
2020-01-30,0,"Rhode Island"
2020-01-31,0,"Rhode Island"
2020-02-01,0,"Rhode Island"
2020-02-02,0,"Rhode Island"
2020-02-03,0,"Rhode Island"
2020-02-04,0,"Rhode Island"
2020-02-05,0,"Rhode Island"
2020-02-06,0,"Rhode Island"
2020-02-07,0,"Rhode Island"
2020-02-08,0,"Rhode Island"
2020-02-09,0,"Rhode Island"
2020-02-10,0,"Rhode Island"
2020-02-11,0,"Rhode Island"
2020-02-12,0,"Rhode Island"
2020-02-13,0,"Rhode Island"
2020-02-14,0,"Rhode Island"
2020-02-15,0,"Rhode Island"
2020-02-16,0,"Rhode Island"
2020-02-17,0,"Rhode Island"
2020-02-18,0,"Rhode Island"
2020-02-19,0,"Rhode Island"
2020-02-20,0,"Rhode Island"
2020-02-21,0,"Rhode Island"
2020-02-22,0,"Rhode Island"
2020-02-23,0,"Rhode Island"
2020-02-24,0,"Rhode Island"
2020-02-25,0,"Rhode Island"
2020-02-26,0,"Rhode Island"
2020-02-27,0,"Rhode Island"
2020-02-28,0,"Rhode Island"
2020-02-29,0,"Rhode Island"
2020-03-01,0,"Rhode Island"
2020-03-02,0,"Rhode Island"
2020-03-03,0,"Rhode Island"
2020-03-04,0,"Rhode Island"
2020-03-05,0,"Rhode Island"
2020-03-06,0,"Rhode Island"
2020-03-07,0,"Rhode Island"
2020-03-08,0,"Rhode Island"
2020-03-09,0,"Rhode Island"
2020-03-10,0,"Rhode Island"
2020-03-11,0,"Rhode Island"
2020-03-12,0,"Rhode Island"
2020-03-13,0,"Rhode Island"
2020-03-14,0,"Rhode Island"
2020-03-15,0,"Rhode Island"
2020-03-16,0,"Rhode Island"
2020-03-17,0,"Rhode Island"
2020-03-18,0,"Rhode Island"
2020-03-19,0,"Rhode Island"
2020-03-20,0,"Rhode Island"
2020-01-22,0,"South Carolina"
2020-01-23,0,"South Carolina"
2020-01-24,0,"South Carolina"
2020-01-25,0,"South Carolina"
2020-01-26,0,"South Carolina"
2020-01-27,0,"South Carolina"
2020-01-28,0,"South Carolina"
2020-01-29,0,"South Carolina"
2020-01-30,0,"South Carolina"
2020-01-31,0,"South Carolina"
2020-02-01,0,"South Carolina"
2020-02-02,0,"South Carolina"
2020-02-03,0,"South Carolina"
2020-02-04,0,"South Carolina"
2020-02-05,0,"South Carolina"
2020-02-06,0,"South Carolina"
2020-02-07,0,"South Carolina"
2020-02-08,0,"South Carolina"
2020-02-09,0,"South Carolina"
2020-02-10,0,"South Carolina"
2020-02-11,0,"South Carolina"
2020-02-12,0,"South Carolina"
2020-02-13,0,"South Carolina"
2020-02-14,0,"South Carolina"
2020-02-15,0,"South Carolina"
2020-02-16,0,"South Carolina"
2020-02-17,0,"South Carolina"
2020-02-18,0,"South Carolina"
2020-02-19,0,"South Carolina"
2020-02-20,0,"South Carolina"
2020-02-21,0,"South Carolina"
2020-02-22,0,"South Carolina"
2020-02-23,0,"South Carolina"
2020-02-24,0,"South Carolina"
2020-02-25,0,"South Carolina"
2020-02-26,0,"South Carolina"
2020-02-27,0,"South Carolina"
2020-02-28,0,"South Carolina"
2020-02-29,0,"South Carolina"
2020-03-01,0,"South Carolina"
2020-03-02,0,"South Carolina"
2020-03-03,0,"South Carolina"
2020-03-04,0,"South Carolina"
2020-03-05,0,"South Carolina"
2020-03-06,0,"South Carolina"
2020-03-07,0,"South Carolina"
2020-03-08,0,"South Carolina"
2020-03-09,0,"South Carolina"
2020-03-10,0,"South Carolina"
2020-03-11,0,"South Carolina"
2020-03-12,0,"South Carolina"
2020-03-13,0,"South Carolina"
2020-03-14,0,"South Carolina"
2020-03-15,0,"South Carolina"
2020-03-16,1,"South Carolina"
2020-03-17,1,"South Carolina"
2020-03-18,1,"South Carolina"
2020-03-19,1,"South Carolina"
2020-03-20,1,"South Carolina"
2020-01-22,0,"South Dakota"
2020-01-23,0,"South Dakota"
2020-01-24,0,"South Dakota"
2020-01-25,0,"South Dakota"
2020-01-26,0,"South Dakota"
2020-01-27,0,"South Dakota"
2020-01-28,0,"South Dakota"
2020-01-29,0,"South Dakota"
2020-01-30,0,"South Dakota"
2020-01-31,0,"South Dakota"
2020-02-01,0,"South Dakota"
2020-02-02,0,"South Dakota"
2020-02-03,0,"South Dakota"
2020-02-04,0,"South Dakota"
2020-02-05,0,"South Dakota"
2020-02-06,0,"South Dakota"
2020-02-07,0,"South Dakota"
2020-02-08,0,"South Dakota"
2020-02-09,0,"South Dakota"
2020-02-10,0,"South Dakota"
2020-02-11,0,"South Dakota"
2020-02-12,0,"South Dakota"
2020-02-13,0,"South Dakota"
2020-02-14,0,"South Dakota"
2020-02-15,0,"South Dakota"
2020-02-16,0,"South Dakota"
2020-02-17,0,"South Dakota"
2020-02-18,0,"South Dakota"
2020-02-19,0,"South Dakota"
2020-02-20,0,"South Dakota"
2020-02-21,0,"South Dakota"
2020-02-22,0,"South Dakota"
2020-02-23,0,"South Dakota"
2020-02-24,0,"South Dakota"
2020-02-25,0,"South Dakota"
2020-02-26,0,"South Dakota"
2020-02-27,0,"South Dakota"
2020-02-28,0,"South Dakota"
2020-02-29,0,"South Dakota"
2020-03-01,0,"South Dakota"
2020-03-02,0,"South Dakota"
2020-03-03,0,"South Dakota"
2020-03-04,0,"South Dakota"
2020-03-05,0,"South Dakota"
2020-03-06,0,"South Dakota"
2020-03-07,0,"South Dakota"
2020-03-08,0,"South Dakota"
2020-03-09,0,"South Dakota"
2020-03-10,0,"South Dakota"
2020-03-11,1,"South Dakota"
2020-03-12,1,"South Dakota"
2020-03-13,1,"South Dakota"
2020-03-14,1,"South Dakota"
2020-03-15,1,"South Dakota"
2020-03-16,1,"South Dakota"
2020-03-17,1,"South Dakota"
2020-03-18,1,"South Dakota"
2020-03-19,1,"South Dakota"
2020-03-20,1,"South Dakota"
2020-01-22,0,"Tennessee"
2020-01-23,0,"Tennessee"
2020-01-24,0,"Tennessee"
2020-01-25,0,"Tennessee"
2020-01-26,0,"Tennessee"
2020-01-27,0,"Tennessee"
2020-01-28,0,"Tennessee"
2020-01-29,0,"Tennessee"
2020-01-30,0,"Tennessee"
2020-01-31,0,"Tennessee"
2020-02-01,0,"Tennessee"
2020-02-02,0,"Tennessee"
2020-02-03,0,"Tennessee"
2020-02-04,0,"Tennessee"
2020-02-05,0,"Tennessee"
2020-02-06,0,"Tennessee"
2020-02-07,0,"Tennessee"
2020-02-08,0,"Tennessee"
2020-02-09,0,"Tennessee"
2020-02-10,0,"Tennessee"
2020-02-11,0,"Tennessee"
2020-02-12,0,"Tennessee"
2020-02-13,0,"Tennessee"
2020-02-14,0,"Tennessee"
2020-02-15,0,"Tennessee"
2020-02-16,0,"Tennessee"
2020-02-17,0,"Tennessee"
2020-02-18,0,"Tennessee"
2020-02-19,0,"Tennessee"
2020-02-20,0,"Tennessee"
2020-02-21,0,"Tennessee"
2020-02-22,0,"Tennessee"
2020-02-23,0,"Tennessee"
2020-02-24,0,"Tennessee"
2020-02-25,0,"Tennessee"
2020-02-26,0,"Tennessee"
2020-02-27,0,"Tennessee"
2020-02-28,0,"Tennessee"
2020-02-29,0,"Tennessee"
2020-03-01,0,"Tennessee"
2020-03-02,0,"Tennessee"
2020-03-03,0,"Tennessee"
2020-03-04,0,"Tennessee"
2020-03-05,0,"Tennessee"
2020-03-06,0,"Tennessee"
2020-03-07,0,"Tennessee"
2020-03-08,0,"Tennessee"
2020-03-09,0,"Tennessee"
2020-03-10,0,"Tennessee"
2020-03-11,0,"Tennessee"
2020-03-12,0,"Tennessee"
2020-03-13,0,"Tennessee"
2020-03-14,0,"Tennessee"
2020-03-15,0,"Tennessee"
2020-03-16,0,"Tennessee"
2020-03-17,0,"Tennessee"
2020-03-18,0,"Tennessee"
2020-03-19,0,"Tennessee"
2020-03-20,0,"Tennessee"
2020-01-22,0,"Texas"
2020-01-23,0,"Texas"
2020-01-24,0,"Texas"
2020-01-25,0,"Texas"
2020-01-26,0,"Texas"
2020-01-27,0,"Texas"
2020-01-28,0,"Texas"
2020-01-29,0,"Texas"
2020-01-30,0,"Texas"
2020-01-31,0,"Texas"
2020-02-01,0,"Texas"
2020-02-02,0,"Texas"
2020-02-03,0,"Texas"
2020-02-04,0,"Texas"
2020-02-05,0,"Texas"
2020-02-06,0,"Texas"
2020-02-07,0,"Texas"
2020-02-08,0,"Texas"
2020-02-09,0,"Texas"
2020-02-10,0,"Texas"
2020-02-11,0,"Texas"
2020-02-12,0,"Texas"
2020-02-13,0,"Texas"
2020-02-14,0,"Texas"
2020-02-15,0,"Texas"
2020-02-16,0,"Texas"
2020-02-17,0,"Texas"
2020-02-18,0,"Texas"
2020-02-19,0,"Texas"
2020-02-20,0,"Texas"
2020-02-21,0,"Texas"
2020-02-22,0,"Texas"
2020-02-23,0,"Texas"
2020-02-24,0,"Texas"
2020-02-25,0,"Texas"
2020-02-26,0,"Texas"
2020-02-27,0,"Texas"
2020-02-28,0,"Texas"
2020-02-29,0,"Texas"
2020-03-01,0,"Texas"
2020-03-02,0,"Texas"
2020-03-03,0,"Texas"
2020-03-04,0,"Texas"
2020-03-05,0,"Texas"
2020-03-06,0,"Texas"
2020-03-07,0,"Texas"
2020-03-08,0,"Texas"
2020-03-09,0,"Texas"
2020-03-10,0,"Texas"
2020-03-11,0,"Texas"
2020-03-12,0,"Texas"
2020-03-13,0,"Texas"
2020-03-14,0,"Texas"
2020-03-15,0,"Texas"
2020-03-16,0,"Texas"
2020-03-17,1,"Texas"
2020-03-18,3,"Texas"
2020-03-19,5,"Texas"
2020-03-20,5,"Texas"
2020-01-22,0,"Utah"
2020-01-23,0,"Utah"
2020-01-24,0,"Utah"
2020-01-25,0,"Utah"
2020-01-26,0,"Utah"
2020-01-27,0,"Utah"
2020-01-28,0,"Utah"
2020-01-29,0,"Utah"
2020-01-30,0,"Utah"
2020-01-31,0,"Utah"
2020-02-01,0,"Utah"
2020-02-02,0,"Utah"
2020-02-03,0,"Utah"
2020-02-04,0,"Utah"
2020-02-05,0,"Utah"
2020-02-06,0,"Utah"
2020-02-07,0,"Utah"
2020-02-08,0,"Utah"
2020-02-09,0,"Utah"
2020-02-10,0,"Utah"
2020-02-11,0,"Utah"
2020-02-12,0,"Utah"
2020-02-13,0,"Utah"
2020-02-14,0,"Utah"
2020-02-15,0,"Utah"
2020-02-16,0,"Utah"
2020-02-17,0,"Utah"
2020-02-18,0,"Utah"
2020-02-19,0,"Utah"
2020-02-20,0,"Utah"
2020-02-21,0,"Utah"
2020-02-22,0,"Utah"
2020-02-23,0,"Utah"
2020-02-24,0,"Utah"
2020-02-25,0,"Utah"
2020-02-26,0,"Utah"
2020-02-27,0,"Utah"
2020-02-28,0,"Utah"
2020-02-29,0,"Utah"
2020-03-01,0,"Utah"
2020-03-02,0,"Utah"
2020-03-03,0,"Utah"
2020-03-04,0,"Utah"
2020-03-05,0,"Utah"
2020-03-06,0,"Utah"
2020-03-07,0,"Utah"
2020-03-08,0,"Utah"
2020-03-09,0,"Utah"
2020-03-10,0,"Utah"
2020-03-11,0,"Utah"
2020-03-12,0,"Utah"
2020-03-13,0,"Utah"
2020-03-14,0,"Utah"
2020-03-15,0,"Utah"
2020-03-16,0,"Utah"
2020-03-17,0,"Utah"
2020-03-18,0,"Utah"
2020-03-19,0,"Utah"
2020-03-20,0,"Utah"
2020-01-22,0,"Vermont"
2020-01-23,0,"Vermont"
2020-01-24,0,"Vermont"
2020-01-25,0,"Vermont"
2020-01-26,0,"Vermont"
2020-01-27,0,"Vermont"
2020-01-28,0,"Vermont"
2020-01-29,0,"Vermont"
2020-01-30,0,"Vermont"
2020-01-31,0,"Vermont"
2020-02-01,0,"Vermont"
2020-02-02,0,"Vermont"
2020-02-03,0,"Vermont"
2020-02-04,0,"Vermont"
2020-02-05,0,"Vermont"
2020-02-06,0,"Vermont"
2020-02-07,0,"Vermont"
2020-02-08,0,"Vermont"
2020-02-09,0,"Vermont"
2020-02-10,0,"Vermont"
2020-02-11,0,"Vermont"
2020-02-12,0,"Vermont"
2020-02-13,0,"Vermont"
2020-02-14,0,"Vermont"
2020-02-15,0,"Vermont"
2020-02-16,0,"Vermont"
2020-02-17,0,"Vermont"
2020-02-18,0,"Vermont"
2020-02-19,0,"Vermont"
2020-02-20,0,"Vermont"
2020-02-21,0,"Vermont"
2020-02-22,0,"Vermont"
2020-02-23,0,"Vermont"
2020-02-24,0,"Vermont"
2020-02-25,0,"Vermont"
2020-02-26,0,"Vermont"
2020-02-27,0,"Vermont"
2020-02-28,0,"Vermont"
2020-02-29,0,"Vermont"
2020-03-01,0,"Vermont"
2020-03-02,0,"Vermont"
2020-03-03,0,"Vermont"
2020-03-04,0,"Vermont"
2020-03-05,0,"Vermont"
2020-03-06,0,"Vermont"
2020-03-07,0,"Vermont"
2020-03-08,0,"Vermont"
2020-03-09,0,"Vermont"
2020-03-10,0,"Vermont"
2020-03-11,0,"Vermont"
2020-03-12,0,"Vermont"
2020-03-13,0,"Vermont"
2020-03-14,0,"Vermont"
2020-03-15,0,"Vermont"
2020-03-16,0,"Vermont"
2020-03-17,0,"Vermont"
2020-03-18,0,"Vermont"
2020-03-19,0,"Vermont"
2020-03-20,2,"Vermont"
2020-01-22,0,"Virgin Islands"
2020-01-23,0,"Virgin Islands"
2020-01-24,0,"Virgin Islands"
2020-01-25,0,"Virgin Islands"
2020-01-26,0,"Virgin Islands"
2020-01-27,0,"Virgin Islands"
2020-01-28,0,"Virgin Islands"
2020-01-29,0,"Virgin Islands"
2020-01-30,0,"Virgin Islands"
2020-01-31,0,"Virgin Islands"
2020-02-01,0,"Virgin Islands"
2020-02-02,0,"Virgin Islands"
2020-02-03,0,"Virgin Islands"
2020-02-04,0,"Virgin Islands"
2020-02-05,0,"Virgin Islands"
2020-02-06,0,"Virgin Islands"
2020-02-07,0,"Virgin Islands"
2020-02-08,0,"Virgin Islands"
2020-02-09,0,"Virgin Islands"
2020-02-10,0,"Virgin Islands"
2020-02-11,0,"Virgin Islands"
2020-02-12,0,"Virgin Islands"
2020-02-13,0,"Virgin Islands"
2020-02-14,0,"Virgin Islands"
2020-02-15,0,"Virgin Islands"
2020-02-16,0,"Virgin Islands"
2020-02-17,0,"Virgin Islands"
2020-02-18,0,"Virgin Islands"
2020-02-19,0,"Virgin Islands"
2020-02-20,0,"Virgin Islands"
2020-02-21,0,"Virgin Islands"
2020-02-22,0,"Virgin Islands"
2020-02-23,0,"Virgin Islands"
2020-02-24,0,"Virgin Islands"
2020-02-25,0,"Virgin Islands"
2020-02-26,0,"Virgin Islands"
2020-02-27,0,"Virgin Islands"
2020-02-28,0,"Virgin Islands"
2020-02-29,0,"Virgin Islands"
2020-03-01,0,"Virgin Islands"
2020-03-02,0,"Virgin Islands"
2020-03-03,0,"Virgin Islands"
2020-03-04,0,"Virgin Islands"
2020-03-05,0,"Virgin Islands"
2020-03-06,0,"Virgin Islands"
2020-03-07,0,"Virgin Islands"
2020-03-08,0,"Virgin Islands"
2020-03-09,0,"Virgin Islands"
2020-03-10,0,"Virgin Islands"
2020-03-11,0,"Virgin Islands"
2020-03-12,0,"Virgin Islands"
2020-03-13,0,"Virgin Islands"
2020-03-14,0,"Virgin Islands"
2020-03-15,0,"Virgin Islands"
2020-03-16,0,"Virgin Islands"
2020-03-17,0,"Virgin Islands"
2020-03-18,0,"Virgin Islands"
2020-03-19,0,"Virgin Islands"
2020-03-20,0,"Virgin Islands"
2020-01-22,0,"Virginia"
2020-01-23,0,"Virginia"
2020-01-24,0,"Virginia"
2020-01-25,0,"Virginia"
2020-01-26,0,"Virginia"
2020-01-27,0,"Virginia"
2020-01-28,0,"Virginia"
2020-01-29,0,"Virginia"
2020-01-30,0,"Virginia"
2020-01-31,0,"Virginia"
2020-02-01,0,"Virginia"
2020-02-02,0,"Virginia"
2020-02-03,0,"Virginia"
2020-02-04,0,"Virginia"
2020-02-05,0,"Virginia"
2020-02-06,0,"Virginia"
2020-02-07,0,"Virginia"
2020-02-08,0,"Virginia"
2020-02-09,0,"Virginia"
2020-02-10,0,"Virginia"
2020-02-11,0,"Virginia"
2020-02-12,0,"Virginia"
2020-02-13,0,"Virginia"
2020-02-14,0,"Virginia"
2020-02-15,0,"Virginia"
2020-02-16,0,"Virginia"
2020-02-17,0,"Virginia"
2020-02-18,0,"Virginia"
2020-02-19,0,"Virginia"
2020-02-20,0,"Virginia"
2020-02-21,0,"Virginia"
2020-02-22,0,"Virginia"
2020-02-23,0,"Virginia"
2020-02-24,0,"Virginia"
2020-02-25,0,"Virginia"
2020-02-26,0,"Virginia"
2020-02-27,0,"Virginia"
2020-02-28,0,"Virginia"
2020-02-29,0,"Virginia"
2020-03-01,0,"Virginia"
2020-03-02,0,"Virginia"
2020-03-03,0,"Virginia"
2020-03-04,0,"Virginia"
2020-03-05,0,"Virginia"
2020-03-06,0,"Virginia"
2020-03-07,0,"Virginia"
2020-03-08,0,"Virginia"
2020-03-09,0,"Virginia"
2020-03-10,0,"Virginia"
2020-03-11,0,"Virginia"
2020-03-12,0,"Virginia"
2020-03-13,0,"Virginia"
2020-03-14,1,"Virginia"
2020-03-15,1,"Virginia"
2020-03-16,1,"Virginia"
2020-03-17,2,"Virginia"
2020-03-18,2,"Virginia"
2020-03-19,2,"Virginia"
2020-03-20,2,"Virginia"
2020-01-22,0,"Washington"
2020-01-23,0,"Washington"
2020-01-24,0,"Washington"
2020-01-25,0,"Washington"
2020-01-26,0,"Washington"
2020-01-27,0,"Washington"
2020-01-28,0,"Washington"
2020-01-29,0,"Washington"
2020-01-30,0,"Washington"
2020-01-31,0,"Washington"
2020-02-01,0,"Washington"
2020-02-02,0,"Washington"
2020-02-03,0,"Washington"
2020-02-04,0,"Washington"
2020-02-05,0,"Washington"
2020-02-06,0,"Washington"
2020-02-07,0,"Washington"
2020-02-08,0,"Washington"
2020-02-09,0,"Washington"
2020-02-10,0,"Washington"
2020-02-11,0,"Washington"
2020-02-12,0,"Washington"
2020-02-13,0,"Washington"
2020-02-14,0,"Washington"
2020-02-15,0,"Washington"
2020-02-16,0,"Washington"
2020-02-17,0,"Washington"
2020-02-18,0,"Washington"
2020-02-19,0,"Washington"
2020-02-20,0,"Washington"
2020-02-21,0,"Washington"
2020-02-22,0,"Washington"
2020-02-23,0,"Washington"
2020-02-24,0,"Washington"
2020-02-25,0,"Washington"
2020-02-26,0,"Washington"
2020-02-27,0,"Washington"
2020-02-28,0,"Washington"
2020-02-29,0,"Washington"
2020-03-01,0,"Washington"
2020-03-02,0,"Washington"
2020-03-03,0,"Washington"
2020-03-04,0,"Washington"
2020-03-05,0,"Washington"
2020-03-06,0,"Washington"
2020-03-07,0,"Washington"
2020-03-08,0,"Washington"
2020-03-09,0,"Washington"
2020-03-10,23,"Washington"
2020-03-11,29,"Washington"
2020-03-12,31,"Washington"
2020-03-13,37,"Washington"
2020-03-14,37,"Washington"
2020-03-15,40,"Washington"
2020-03-16,48,"Washington"
2020-03-17,55,"Washington"
2020-03-18,55,"Washington"
2020-03-19,74,"Washington"
2020-03-20,83,"Washington"
2020-01-22,0,"West Virginia"
2020-01-23,0,"West Virginia"
2020-01-24,0,"West Virginia"
2020-01-25,0,"West Virginia"
2020-01-26,0,"West Virginia"
2020-01-27,0,"West Virginia"
2020-01-28,0,"West Virginia"
2020-01-29,0,"West Virginia"
2020-01-30,0,"West Virginia"
2020-01-31,0,"West Virginia"
2020-02-01,0,"West Virginia"
2020-02-02,0,"West Virginia"
2020-02-03,0,"West Virginia"
2020-02-04,0,"West Virginia"
2020-02-05,0,"West Virginia"
2020-02-06,0,"West Virginia"
2020-02-07,0,"West Virginia"
2020-02-08,0,"West Virginia"
2020-02-09,0,"West Virginia"
2020-02-10,0,"West Virginia"
2020-02-11,0,"West Virginia"
2020-02-12,0,"West Virginia"
2020-02-13,0,"West Virginia"
2020-02-14,0,"West Virginia"
2020-02-15,0,"West Virginia"
2020-02-16,0,"West Virginia"
2020-02-17,0,"West Virginia"
2020-02-18,0,"West Virginia"
2020-02-19,0,"West Virginia"
2020-02-20,0,"West Virginia"
2020-02-21,0,"West Virginia"
2020-02-22,0,"West Virginia"
2020-02-23,0,"West Virginia"
2020-02-24,0,"West Virginia"
2020-02-25,0,"West Virginia"
2020-02-26,0,"West Virginia"
2020-02-27,0,"West Virginia"
2020-02-28,0,"West Virginia"
2020-02-29,0,"West Virginia"
2020-03-01,0,"West Virginia"
2020-03-02,0,"West Virginia"
2020-03-03,0,"West Virginia"
2020-03-04,0,"West Virginia"
2020-03-05,0,"West Virginia"
2020-03-06,0,"West Virginia"
2020-03-07,0,"West Virginia"
2020-03-08,0,"West Virginia"
2020-03-09,0,"West Virginia"
2020-03-10,0,"West Virginia"
2020-03-11,0,"West Virginia"
2020-03-12,0,"West Virginia"
2020-03-13,0,"West Virginia"
2020-03-14,0,"West Virginia"
2020-03-15,0,"West Virginia"
2020-03-16,0,"West Virginia"
2020-03-17,0,"West Virginia"
2020-03-18,0,"West Virginia"
2020-03-19,0,"West Virginia"
2020-03-20,0,"West Virginia"
2020-01-22,0,"Wisconsin"
2020-01-23,0,"Wisconsin"
2020-01-24,0,"Wisconsin"
2020-01-25,0,"Wisconsin"
2020-01-26,0,"Wisconsin"
2020-01-27,0,"Wisconsin"
2020-01-28,0,"Wisconsin"
2020-01-29,0,"Wisconsin"
2020-01-30,0,"Wisconsin"
2020-01-31,0,"Wisconsin"
2020-02-01,0,"Wisconsin"
2020-02-02,0,"Wisconsin"
2020-02-03,0,"Wisconsin"
2020-02-04,0,"Wisconsin"
2020-02-05,0,"Wisconsin"
2020-02-06,0,"Wisconsin"
2020-02-07,0,"Wisconsin"
2020-02-08,0,"Wisconsin"
2020-02-09,0,"Wisconsin"
2020-02-10,0,"Wisconsin"
2020-02-11,0,"Wisconsin"
2020-02-12,0,"Wisconsin"
2020-02-13,0,"Wisconsin"
2020-02-14,0,"Wisconsin"
2020-02-15,0,"Wisconsin"
2020-02-16,0,"Wisconsin"
2020-02-17,0,"Wisconsin"
2020-02-18,0,"Wisconsin"
2020-02-19,0,"Wisconsin"
2020-02-20,0,"Wisconsin"
2020-02-21,0,"Wisconsin"
2020-02-22,0,"Wisconsin"
2020-02-23,0,"Wisconsin"
2020-02-24,0,"Wisconsin"
2020-02-25,0,"Wisconsin"
2020-02-26,0,"Wisconsin"
2020-02-27,0,"Wisconsin"
2020-02-28,0,"Wisconsin"
2020-02-29,0,"Wisconsin"
2020-03-01,0,"Wisconsin"
2020-03-02,0,"Wisconsin"
2020-03-03,0,"Wisconsin"
2020-03-04,0,"Wisconsin"
2020-03-05,0,"Wisconsin"
2020-03-06,0,"Wisconsin"
2020-03-07,0,"Wisconsin"
2020-03-08,0,"Wisconsin"
2020-03-09,0,"Wisconsin"
2020-03-10,0,"Wisconsin"
2020-03-11,0,"Wisconsin"
2020-03-12,0,"Wisconsin"
2020-03-13,0,"Wisconsin"
2020-03-14,0,"Wisconsin"
2020-03-15,0,"Wisconsin"
2020-03-16,0,"Wisconsin"
2020-03-17,0,"Wisconsin"
2020-03-18,0,"Wisconsin"
2020-03-19,0,"Wisconsin"
2020-03-20,3,"Wisconsin"
2020-01-22,0,"Wyoming"
2020-01-23,0,"Wyoming"
2020-01-24,0,"Wyoming"
2020-01-25,0,"Wyoming"
2020-01-26,0,"Wyoming"
2020-01-27,0,"Wyoming"
2020-01-28,0,"Wyoming"
2020-01-29,0,"Wyoming"
2020-01-30,0,"Wyoming"
2020-01-31,0,"Wyoming"
2020-02-01,0,"Wyoming"
2020-02-02,0,"Wyoming"
2020-02-03,0,"Wyoming"
2020-02-04,0,"Wyoming"
2020-02-05,0,"Wyoming"
2020-02-06,0,"Wyoming"
2020-02-07,0,"Wyoming"
2020-02-08,0,"Wyoming"
2020-02-09,0,"Wyoming"
2020-02-10,0,"Wyoming"
2020-02-11,0,"Wyoming"
2020-02-12,0,"Wyoming"
2020-02-13,0,"Wyoming"
2020-02-14,0,"Wyoming"
2020-02-15,0,"Wyoming"
2020-02-16,0,"Wyoming"
2020-02-17,0,"Wyoming"
2020-02-18,0,"Wyoming"
2020-02-19,0,"Wyoming"
2020-02-20,0,"Wyoming"
2020-02-21,0,"Wyoming"
2020-02-22,0,"Wyoming"
2020-02-23,0,"Wyoming"
2020-02-24,0,"Wyoming"
2020-02-25,0,"Wyoming"
2020-02-26,0,"Wyoming"
2020-02-27,0,"Wyoming"
2020-02-28,0,"Wyoming"
2020-02-29,0,"Wyoming"
2020-03-01,0,"Wyoming"
2020-03-02,0,"Wyoming"
2020-03-03,0,"Wyoming"
2020-03-04,0,"Wyoming"
2020-03-05,0,"Wyoming"
2020-03-06,0,"Wyoming"
2020-03-07,0,"Wyoming"
2020-03-08,0,"Wyoming"
2020-03-09,0,"Wyoming"
2020-03-10,0,"Wyoming"
2020-03-11,0,"Wyoming"
2020-03-12,0,"Wyoming"
2020-03-13,0,"Wyoming"
2020-03-14,0,"Wyoming"
2020-03-15,0,"Wyoming"
2020-03-16,0,"Wyoming"
2020-03-17,0,"Wyoming"
2020-03-18,0,"Wyoming"
2020-03-19,0,"Wyoming"
2020-03-20,0,"Wyoming"
